video_id,comment_id,parent_id,thread_id,is_reply,author,published_at,updated_at,like_count,text,toxicity_label,toxicity_score,label,note
ak6HXB6--HM,UgwP_QctFWI2AmgqBsJ4AaABAg,,UgwP_QctFWI2AmgqBsJ4AaABAg,0,@arashitattaww,2023-05-26T08:40:56Z,2023-05-26T08:40:56Z,246,"スプラトゥーンしたい人は
Twitter「tattaww_」まで。",,,0,
ak6HXB6--HM,UgwP_QctFWI2AmgqBsJ4AaABAg.9qAJ4mEkrEE9qAn3pwG2QK,UgwP_QctFWI2AmgqBsJ4AaABAg,UgwP_QctFWI2AmgqBsJ4AaABAg,1,@焼酎-j4h,2023-05-26T13:11:40Z,2023-05-26T13:11:40Z,8,スプラトゥーン持ってない😢,,,0,
ak6HXB6--HM,UgwP_QctFWI2AmgqBsJ4AaABAg.9qAJ4mEkrEE9qB2mULmoDs,UgwP_QctFWI2AmgqBsJ4AaABAg,UgwP_QctFWI2AmgqBsJ4AaABAg,1,@zxcv_00-g6q,2023-05-26T15:37:43Z,2023-05-26T15:37:43Z,5,スプラトゥーン2しかないよ😭,,,0,
ak6HXB6--HM,UgwP_QctFWI2AmgqBsJ4AaABAg.9qAJ4mEkrEE9qBz4pjonY8,UgwP_QctFWI2AmgqBsJ4AaABAg,UgwP_QctFWI2AmgqBsJ4AaABAg,1,@タカシュ-l7u,2023-05-27T00:15:54Z,2023-05-27T00:15:54Z,16,スプラ3持ってるけどツイッターやってないからやれねぇ 😭,,,0,
ak6HXB6--HM,UgwP_QctFWI2AmgqBsJ4AaABAg.9qAJ4mEkrEE9qCGY44hfhW,UgwP_QctFWI2AmgqBsJ4AaABAg,UgwP_QctFWI2AmgqBsJ4AaABAg,1,@殺意の猫大好きチャンネル登,2023-05-27T02:57:11Z,2023-05-27T02:57:11Z,8,てめぇマイクラの次スプラか、次はロブロか,,,1,
ak6HXB6--HM,UgwP_QctFWI2AmgqBsJ4AaABAg.9qAJ4mEkrEE9qCb-GrtXcj,UgwP_QctFWI2AmgqBsJ4AaABAg,UgwP_QctFWI2AmgqBsJ4AaABAg,1,@にゃんこ大戦争アンチコメントします,2023-05-27T06:04:40Z,2023-05-27T06:04:40Z,2,貧乏おお,,,0,
ak6HXB6--HM,UgwP_QctFWI2AmgqBsJ4AaABAg.9qAJ4mEkrEE9qCgnvmXRKK,UgwP_QctFWI2AmgqBsJ4AaABAg,UgwP_QctFWI2AmgqBsJ4AaABAg,1,@NON4545www,2023-05-27T06:55:25Z,2023-05-27T06:55:25Z,3,あるよぉー,,,0,
ak6HXB6--HM,UgwP_QctFWI2AmgqBsJ4AaABAg.9qAJ4mEkrEE9qCnERI1vQp,UgwP_QctFWI2AmgqBsJ4AaABAg,UgwP_QctFWI2AmgqBsJ4AaABAg,1,@nekoneko_25,2023-05-27T07:51:36Z,2023-05-27T07:51:36Z,6,一緒にやってみたい、,,,0,
ak6HXB6--HM,UgwP_QctFWI2AmgqBsJ4AaABAg.9qAJ4mEkrEE9qD80SJMVpg,UgwP_QctFWI2AmgqBsJ4AaABAg,UgwP_QctFWI2AmgqBsJ4AaABAg,1,@aksy-uk7zk,2023-05-27T11:01:56Z,2023-05-27T11:01:56Z,12,イキりキッズのフリすれば戦えるのか,,,1,
ak6HXB6--HM,UgwP_QctFWI2AmgqBsJ4AaABAg.9qAJ4mEkrEE9qDJoWoU5T8,UgwP_QctFWI2AmgqBsJ4AaABAg,UgwP_QctFWI2AmgqBsJ4AaABAg,1,@にカッコ,2023-05-27T12:45:01Z,2023-05-27T12:45:01Z,6,ちょこぺろやってくれんかな,,,0,
ak6HXB6--HM,UgwP_QctFWI2AmgqBsJ4AaABAg.9qAJ4mEkrEE9q_8GrtjZ7n,UgwP_QctFWI2AmgqBsJ4AaABAg,UgwP_QctFWI2AmgqBsJ4AaABAg,1,@kumasann06,2023-06-05T09:26:42Z,2024-06-17T21:25:24Z,0,​@にカッコティラミスとやりたい,,,0,
ak6HXB6--HM,UgwP_QctFWI2AmgqBsJ4AaABAg.9qAJ4mEkrEE9qbX4_dIgMg,UgwP_QctFWI2AmgqBsJ4AaABAg,UgwP_QctFWI2AmgqBsJ4AaABAg,1,@にゃんべる婦人,2023-06-06T07:41:58Z,2023-06-06T07:41:58Z,2,ハイパー下手くそだから上手な人と一緒にプレイしたいなぁ！といつも思うよぉ（笑）,,,0,
ak6HXB6--HM,UgwP_QctFWI2AmgqBsJ4AaABAg.9qAJ4mEkrEE9qqdw89IZoi,UgwP_QctFWI2AmgqBsJ4AaABAg,UgwP_QctFWI2AmgqBsJ4AaABAg,1,@kln-p7x,2023-06-12T04:39:11Z,2023-06-12T04:39:11Z,0,Twitterしてないんだよなぁ,,,0,
ak6HXB6--HM,UgwP_QctFWI2AmgqBsJ4AaABAg.9qAJ4mEkrEE9r6KcG7pS9f,UgwP_QctFWI2AmgqBsJ4AaABAg,UgwP_QctFWI2AmgqBsJ4AaABAg,1,@塩-k2e,2023-06-18T16:08:48Z,2023-06-18T16:08:48Z,0,Twitteyやってない,,,0,
ak6HXB6--HM,UgwP_QctFWI2AmgqBsJ4AaABAg.9qAJ4mEkrEE9rmlJW5sqbp,UgwP_QctFWI2AmgqBsJ4AaABAg,UgwP_QctFWI2AmgqBsJ4AaABAg,1,@ラキ-l3z,2023-07-05T12:58:07Z,2024-06-17T21:25:24Z,0,​@にゃんこ大戦争アンチコメントしますその言い方は良くないよクソガキ,,,1,
ak6HXB6--HM,UgwP_QctFWI2AmgqBsJ4AaABAg.9qAJ4mEkrEE9sfsrvSQYaP,UgwP_QctFWI2AmgqBsJ4AaABAg,UgwP_QctFWI2AmgqBsJ4AaABAg,1,@torajiro-i7g,2023-07-27T17:20:49Z,2023-07-27T17:20:49Z,0,ついったーやってねぇけどやりてぇー!!!!!!!!!!,,,0,
ak6HXB6--HM,UgwP_QctFWI2AmgqBsJ4AaABAg.9qAJ4mEkrEE9sxH_G-gj23,UgwP_QctFWI2AmgqBsJ4AaABAg,UgwP_QctFWI2AmgqBsJ4AaABAg,1,@84歳無職の川口,2023-08-03T11:32:33Z,2023-08-03T11:32:33Z,0,ねーみんな途中にある音楽なんていうやつ？,,,0,
ak6HXB6--HM,UgwP_QctFWI2AmgqBsJ4AaABAg.9qAJ4mEkrEE9temO7MZsMs,UgwP_QctFWI2AmgqBsJ4AaABAg,UgwP_QctFWI2AmgqBsJ4AaABAg,1,@omochi-yt,2023-08-21T03:36:21Z,2023-08-21T03:36:21Z,0,絶対ボコされるからできない😂,,,0,
ak6HXB6--HM,UgwP_QctFWI2AmgqBsJ4AaABAg.9qAJ4mEkrEE9u73hQccpLn,UgwP_QctFWI2AmgqBsJ4AaABAg,UgwP_QctFWI2AmgqBsJ4AaABAg,1,@ヤニ,2023-09-01T12:34:23Z,2023-09-01T12:34:22Z,0,ガキ多すぎやろwやってないなら入れたらええやんw,,,1,
ak6HXB6--HM,UgwP_QctFWI2AmgqBsJ4AaABAg.9qAJ4mEkrEE9u76_CUtwaR,UgwP_QctFWI2AmgqBsJ4AaABAg,UgwP_QctFWI2AmgqBsJ4AaABAg,1,@ぺちこ-c1j,2023-09-01T12:59:29Z,2023-09-01T12:59:28Z,0,俺Twitter持ってないんやてもｫｫｫ,,,0,
ak6HXB6--HM,UgwP_QctFWI2AmgqBsJ4AaABAg.9qAJ4mEkrEE9uBpvdD7ufk,UgwP_QctFWI2AmgqBsJ4AaABAg,UgwP_QctFWI2AmgqBsJ4AaABAg,1,@小林輝貴-i9j,2023-09-03T09:01:28Z,2023-09-03T09:01:27Z,0,スプラ3今は欲しいですね,,,0,
ak6HXB6--HM,UgwP_QctFWI2AmgqBsJ4AaABAg.9qAJ4mEkrEE9ufjfLjLzbV,UgwP_QctFWI2AmgqBsJ4AaABAg,UgwP_QctFWI2AmgqBsJ4AaABAg,1,@kaiyuria,2023-09-15T09:03:16Z,2023-09-15T09:03:15Z,0,Twitterやってない😢,,,0,
ak6HXB6--HM,UgwP_QctFWI2AmgqBsJ4AaABAg.9qAJ4mEkrEE9vw-9g26vAj,UgwP_QctFWI2AmgqBsJ4AaABAg,UgwP_QctFWI2AmgqBsJ4AaABAg,1,@令-p3e,2023-10-16T13:06:36Z,2023-10-16T13:06:36Z,0,なんかTwitterでdmするには承認いるらしいねんけど14300円は高くね？,,,0,
ak6HXB6--HM,UgwP_QctFWI2AmgqBsJ4AaABAg.9qAJ4mEkrEE9wPka2Rmfcn,UgwP_QctFWI2AmgqBsJ4AaABAg,UgwP_QctFWI2AmgqBsJ4AaABAg,1,@黒歴史製造機,2023-10-28T11:46:59Z,2023-10-28T11:46:59Z,0,ツイッターしてない😢,,,0,
ak6HXB6--HM,UgwP_QctFWI2AmgqBsJ4AaABAg.9qAJ4mEkrEEA0o-kkm-itl,UgwP_QctFWI2AmgqBsJ4AaABAg,UgwP_QctFWI2AmgqBsJ4AaABAg,1,@油-p2z,2024-03-10T13:46:14Z,2024-03-10T13:46:14Z,0,スプラ3持ってるけど容量足りんくてツイッターさえ入れられないしニンテンドーオンラインに加入出来てない、悲しみ,,,0,
ak6HXB6--HM,UgwP_QctFWI2AmgqBsJ4AaABAg.9qAJ4mEkrEEA1KOFo_G9oY,UgwP_QctFWI2AmgqBsJ4AaABAg,UgwP_QctFWI2AmgqBsJ4AaABAg,1,@mezuhinalukakids,2024-03-23T12:55:16Z,2024-03-23T12:55:16Z,0,よしじゃあやろうぜww(ウデマエC),,,0,
ak6HXB6--HM,UgwP_QctFWI2AmgqBsJ4AaABAg.9qAJ4mEkrEEA1bZMaxle4X,UgwP_QctFWI2AmgqBsJ4AaABAg,UgwP_QctFWI2AmgqBsJ4AaABAg,1,@こんぺいとう-i5l,2024-03-30T14:18:39Z,2024-03-30T14:18:39Z,0,Twitterやってないんよなー,,,0,
ak6HXB6--HM,UgwP_QctFWI2AmgqBsJ4AaABAg.9qAJ4mEkrEEA6Sc_2liEzq,UgwP_QctFWI2AmgqBsJ4AaABAg,UgwP_QctFWI2AmgqBsJ4AaABAg,1,@renren.eutr3,2024-07-29T00:20:00Z,2024-07-29T00:20:00Z,0,行きます！,,,0,
ak6HXB6--HM,UgwP_QctFWI2AmgqBsJ4AaABAg.9qAJ4mEkrEEA6Scbhk84Yt,UgwP_QctFWI2AmgqBsJ4AaABAg,UgwP_QctFWI2AmgqBsJ4AaABAg,1,@renren.eutr3,2024-07-29T00:20:21Z,2024-07-29T00:20:21Z,0,やりましょう！,,,0,
ak6HXB6--HM,UgwP_QctFWI2AmgqBsJ4AaABAg.9qAJ4mEkrEEA74gKH33sBX,UgwP_QctFWI2AmgqBsJ4AaABAg,UgwP_QctFWI2AmgqBsJ4AaABAg,1,@fizikaruobaasan,2024-08-13T13:42:25Z,2024-08-13T13:42:25Z,0,普通にやりたい目的でもいいんですか？,,,0,
ak6HXB6--HM,UgwP_QctFWI2AmgqBsJ4AaABAg.9qAJ4mEkrEEA79mXC9ax4g,UgwP_QctFWI2AmgqBsJ4AaABAg,UgwP_QctFWI2AmgqBsJ4AaABAg,1,@荒らしたったaaaaamisutaclan,2024-08-15T13:12:48Z,2024-08-15T13:12:48Z,0,やろうぜウデマエXです2500変えてます,,,0,
ak6HXB6--HM,UgwP_QctFWI2AmgqBsJ4AaABAg.9qAJ4mEkrEEA7OgKXqpkWx,UgwP_QctFWI2AmgqBsJ4AaABAg,UgwP_QctFWI2AmgqBsJ4AaABAg,1,@紅組団長カパおくん,2024-08-21T08:07:16Z,2024-08-21T08:07:16Z,0,ツイッターできねーからできね～～(´;ω;｀),,,0,
ak6HXB6--HM,UgwP_QctFWI2AmgqBsJ4AaABAg.9qAJ4mEkrEEA7Wys4fNYx7,UgwP_QctFWI2AmgqBsJ4AaABAg,UgwP_QctFWI2AmgqBsJ4AaABAg,1,@poyoban,2024-08-24T13:23:11Z,2024-08-24T13:23:11Z,0,やりたいっすw,,,0,
ak6HXB6--HM,UgwP_QctFWI2AmgqBsJ4AaABAg.9qAJ4mEkrEEA7cH3_4AWXj,UgwP_QctFWI2AmgqBsJ4AaABAg,UgwP_QctFWI2AmgqBsJ4AaABAg,1,@武藤貴之-f5r,2024-08-27T00:06:22Z,2024-08-27T00:06:22Z,0,弱過ぎw,,,1,
ak6HXB6--HM,UgwP_QctFWI2AmgqBsJ4AaABAg.9qAJ4mEkrEEA7mse9qcd4C,UgwP_QctFWI2AmgqBsJ4AaABAg,UgwP_QctFWI2AmgqBsJ4AaABAg,1,@user-linemerker,2024-08-31T02:55:57Z,2024-08-31T02:55:57Z,0,それな,,,0,
ak6HXB6--HM,UgwP_QctFWI2AmgqBsJ4AaABAg.9qAJ4mEkrEEA7qrAHMByN1,UgwP_QctFWI2AmgqBsJ4AaABAg,UgwP_QctFWI2AmgqBsJ4AaABAg,1,@RTnova0708,2024-09-01T15:59:57Z,2024-09-01T15:59:57Z,0,まじでやってくれんのか。チャンネル登録しよ,,,0,
ak6HXB6--HM,UgwP_QctFWI2AmgqBsJ4AaABAg.9qAJ4mEkrEEABuZPH2FDj3,UgwP_QctFWI2AmgqBsJ4AaABAg,UgwP_QctFWI2AmgqBsJ4AaABAg,1,@beat_yan,2024-12-11T12:38:31Z,2024-12-11T12:38:31Z,0,やろうかな,,,0,
ak6HXB6--HM,UgwP_QctFWI2AmgqBsJ4AaABAg.9qAJ4mEkrEEAC38tDybYwb,UgwP_QctFWI2AmgqBsJ4AaABAg,UgwP_QctFWI2AmgqBsJ4AaABAg,1,@翔-e8j,2024-12-15T05:59:13Z,2024-12-15T05:59:13Z,0,スプラ3持っているのにTwitterやってないから入れない,,,0,
ak6HXB6--HM,UgwP_QctFWI2AmgqBsJ4AaABAg.9qAJ4mEkrEEACD1j0EEHOT,UgwP_QctFWI2AmgqBsJ4AaABAg,UgwP_QctFWI2AmgqBsJ4AaABAg,1,@たつやたつや-u6d,2024-12-19T02:09:03Z,2024-12-19T02:09:03Z,0,ういやりましょう！！僕弱いけどタイマンお願いします🥺,,,0,
ak6HXB6--HM,UgwP_QctFWI2AmgqBsJ4AaABAg.9qAJ4mEkrEEACq8IQczfkH,UgwP_QctFWI2AmgqBsJ4AaABAg,UgwP_QctFWI2AmgqBsJ4AaABAg,1,@マシュマロ-vv8,2025-01-03T15:56:05Z,2025-01-03T15:56:05Z,0,やろーよー,,,0,
ak6HXB6--HM,UgwP_QctFWI2AmgqBsJ4AaABAg.9qAJ4mEkrEEAJBToG1khQw,UgwP_QctFWI2AmgqBsJ4AaABAg,UgwP_QctFWI2AmgqBsJ4AaABAg,1,@キルハファン-l1m,2025-06-10T11:15:43Z,2025-06-10T11:15:43Z,0,スプラ３２持っている。やりたいよ１V1一緒にスプラ３,,,0,
ak6HXB6--HM,UgwP_QctFWI2AmgqBsJ4AaABAg.9qAJ4mEkrEEAL4GjRLyBLy,UgwP_QctFWI2AmgqBsJ4AaABAg,UgwP_QctFWI2AmgqBsJ4AaABAg,1,@タマキ-o5n,2025-07-27T09:09:34Z,2025-07-27T09:09:34Z,0,僕やってますでもカセット水没しました😢,,,0,
ak6HXB6--HM,UgwP_QctFWI2AmgqBsJ4AaABAg.9qAJ4mEkrEEALfa_ci8Cr5,UgwP_QctFWI2AmgqBsJ4AaABAg,UgwP_QctFWI2AmgqBsJ4AaABAg,1,@ぺろろq,2025-08-11T06:22:52Z,2025-08-11T06:22:52Z,0,るまぴーまんもうたったさんのアカウントのポスト全部消えちゃってます…,,,0,
ak6HXB6--HM,UgwP_QctFWI2AmgqBsJ4AaABAg.9qAJ4mEkrEEAMX004rbMyd,UgwP_QctFWI2AmgqBsJ4AaABAg,UgwP_QctFWI2AmgqBsJ4AaABAg,1,@iwakuro-p8y,2025-09-01T09:32:48Z,2025-09-01T09:32:48Z,2,スプラトゥーン3持ってます。(プロかな?),,,0,
ak6HXB6--HM,UgwP_QctFWI2AmgqBsJ4AaABAg.9qAJ4mEkrEEAO5HZE1pqFK,UgwP_QctFWI2AmgqBsJ4AaABAg,UgwP_QctFWI2AmgqBsJ4AaABAg,1,@Bro-u5t,2025-10-10T08:10:12Z,2025-10-10T08:10:12Z,1,僕Twitterないから出来ない悲し,,,0,
ak6HXB6--HM,Ugx-LyKukqIlu1Kr2r14AaABAg,,Ugx-LyKukqIlu1Kr2r14AaABAg,0,@yunchaan,2025-11-14T03:26:23Z,2025-11-14T03:26:23Z,0,逆にここまでいきられると清々しい👏🏻,,,0,
ak6HXB6--HM,Ugy7x-Lmi5zXcCzbmax4AaABAg,,Ugy7x-Lmi5zXcCzbmax4AaABAg,0,@HIIRO-r5h,2025-10-30T12:17:02Z,2025-10-30T12:17:02Z,0,醤油て,,,0,
ak6HXB6--HM,Ugzyu2U2-9djOLJg4rx4AaABAg,,Ugzyu2U2-9djOLJg4rx4AaABAg,0,@真央-l5v,2025-10-23T06:19:21Z,2025-10-23T06:19:21Z,0,"最近、動画見始めたんですがマイクラの善逸…等、相手一緒ですね。w
動画上げるのって大変なんですね。（脱帽）
見てる分には楽しんでるので最近、動画復活したみたいで頑張ってください！😮",,,0,
ak6HXB6--HM,UgwN8lIlurr86OOx3tB4AaABAg,,UgwN8lIlurr86OOx3tB4AaABAg,0,@ちゃぴ丸-u8y,2025-10-22T06:02:10Z,2025-10-22T06:02:10Z,0,ちゃんと送ってくるんだね😂,,,0,
ak6HXB6--HM,Ugyt6gjZi9e-7VFpmMF4AaABAg,,Ugyt6gjZi9e-7VFpmMF4AaABAg,0,@iwakuro-p8y,2025-10-19T07:11:52Z,2025-10-19T07:11:52Z,0,初心者の真似上手いな,,,0,
ak6HXB6--HM,UgwRVdRusI8AkcFgEnJ4AaABAg,,UgwRVdRusI8AkcFgEnJ4AaABAg,0,@坂之元肉天丸,2025-10-04T06:14:33Z,2025-10-04T06:14:33Z,0,イジメられ不登校がゲームでイキるとか終わってんなw,,,1,
ak6HXB6--HM,UgxzAZRbEeJt5BKnSoR4AaABAg,,UgxzAZRbEeJt5BKnSoR4AaABAg,0,@鈴木の鉄道712,2025-10-01T22:02:24Z,2025-10-01T22:02:24Z,0,インド14億人に殺されろ,,,1,
ak6HXB6--HM,UgzIaERqJhPyno6rvyV4AaABAg,,UgzIaERqJhPyno6rvyV4AaABAg,0,@中島亮-w5q,2025-09-24T17:59:00Z,2025-09-24T17:59:00Z,0,"学校でいじられてイライラしてんねん

これがもう全てやなw",,,1,
ak6HXB6--HM,Ugxtvm9Bc4yUW7zvjld4AaABAg,,Ugxtvm9Bc4yUW7zvjld4AaABAg,0,@井内昇一,2025-09-22T21:58:29Z,2025-09-22T21:58:29Z,1,ふざけんな,,,1,
ak6HXB6--HM,UgzQzlW0gJsMKosuCtR4AaABAg,,UgzQzlW0gJsMKosuCtR4AaABAg,0,@omito0223,2025-09-22T13:12:29Z,2025-09-22T13:12:29Z,0,ちゃんと写真送るだけ、口だけじゃないいところもあるんだな😊,,,0,
ak6HXB6--HM,UgyUcM_ZjZNBYzSzfE54AaABAg,,UgyUcM_ZjZNBYzSzfE54AaABAg,0,@イカ-w5u,2025-09-21T05:25:40Z,2025-09-21T05:25:40Z,0,ルール関与しろっていいたい,,,0,
ak6HXB6--HM,UgyZCTQUakKgGCIkTPl4AaABAg,,UgyZCTQUakKgGCIkTPl4AaABAg,0,@なりなり29,2025-09-20T11:38:03Z,2025-09-20T11:38:03Z,0,うるさい黙れ,,,1,
ak6HXB6--HM,Ugzx27KxncqgbEX5w-B4AaABAg,,Ugzx27KxncqgbEX5w-B4AaABAg,0,@なりなり29,2025-09-20T11:37:44Z,2025-09-20T11:37:44Z,0,荒らしたった変態😊😊,,,1,
ak6HXB6--HM,Ugw4eaaRKapJXzoa0Ax4AaABAg,,Ugw4eaaRKapJXzoa0Ax4AaABAg,0,@なりなり29,2025-09-20T11:37:26Z,2025-09-20T11:37:26Z,0,お前初心者じゃないだろ,,,0,
ak6HXB6--HM,UgxxiEuAEQWU_YA77HV4AaABAg,,UgxxiEuAEQWU_YA77HV4AaABAg,0,@なりなり29,2025-09-20T11:36:38Z,2025-09-20T11:36:38Z,0,雑魚、雑魚ばかばか,,,1,
ak6HXB6--HM,UgxxiEuAEQWU_YA77HV4AaABAg.ANI9HkF2pT4AQ6jybdOGE9,UgxxiEuAEQWU_YA77HV4AaABAg,UgxxiEuAEQWU_YA77HV4AaABAg,1,@apiapi_1325,2025-11-29T14:49:14Z,2025-11-29T14:49:14Z,0,致命的に頭が悪い,,,1,
ak6HXB6--HM,UgzyJQfkUBW3bJJvkTp4AaABAg,,UgzyJQfkUBW3bJJvkTp4AaABAg,0,@くまちょう-o7b,2025-09-20T10:03:15Z,2025-09-20T10:03:15Z,0,根は良い子なんだろうな,,,0,
ak6HXB6--HM,UgyKOxEU7C6nMRCW3QV4AaABAg,,UgyKOxEU7C6nMRCW3QV4AaABAg,0,@セフィロスNo.794,2025-09-18T15:33:46Z,2025-09-18T15:33:46Z,0,これラグいとか言ってたけどメモプようきゅうしたらどうなるんだろ,,,0,
ak6HXB6--HM,UgyurgKqCRdMNE1bHv54AaABAg,,UgyurgKqCRdMNE1bHv54AaABAg,0,@友寄-ad2,2025-09-16T20:39:08Z,2025-09-16T20:39:08Z,0,典型的な関西のアホ！,,,1,
ak6HXB6--HM,Ugz6wK3pKy4FaRCxSp54AaABAg,,Ugz6wK3pKy4FaRCxSp54AaABAg,0,@kenichif1401,2025-09-15T10:52:02Z,2025-09-15T10:52:02Z,0,相手が殴り返して来ない場所から殴ろうとするヤツが多すぎる。,,,0,
ak6HXB6--HM,UgxNf8rflCg7JXWE9Rp4AaABAg,,UgxNf8rflCg7JXWE9Rp4AaABAg,0,@ミチミチ-p9z,2025-09-14T11:19:29Z,2025-09-14T11:19:29Z,0,ポケカは草ww,,,0,
ak6HXB6--HM,Ugy9vq9w6dkgnx8Lict4AaABAg,,Ugy9vq9w6dkgnx8Lict4AaABAg,0,@中川イリス,2025-09-14T00:35:29Z,2025-09-14T00:35:29Z,0,本当に送るとはー(^o^;),,,0,
ak6HXB6--HM,Ugz4-RJckLJ7vSl3ZVR4AaABAg,,Ugz4-RJckLJ7vSl3ZVR4AaABAg,0,@かなで_KITSUNE,2025-09-13T13:56:42Z,2025-09-13T13:56:42Z,0,11:18 w,,,0,
ak6HXB6--HM,UgxEvO39T7Phauu0gHp4AaABAg,,UgxEvO39T7Phauu0gHp4AaABAg,0,@g2peta823,2025-09-11T22:52:29Z,2025-09-11T22:52:29Z,1,どんぐりの背比べ。人間の醜さを見れましたわ。,,,1,
ak6HXB6--HM,UgwJ6cn5OZ2iw8WLUB54AaABAg,,UgwJ6cn5OZ2iw8WLUB54AaABAg,0,@沢木俊也,2025-09-08T11:31:38Z,2025-09-08T11:31:38Z,0,このレベルなら勝てそうw,,,0,
ak6HXB6--HM,UgzdFflWHV-bFpeBrTx4AaABAg,,UgzdFflWHV-bFpeBrTx4AaABAg,0,@gineiden,2025-09-07T16:51:05Z,2025-09-07T16:51:05Z,0,ちゃんと約束通り土下座写真送ってきたのには感心した,,,0,
ak6HXB6--HM,Ugyd5gwdqiLx3S9GxjV4AaABAg,,Ugyd5gwdqiLx3S9GxjV4AaABAg,0,@gosman-z2e,2025-09-07T02:19:27Z,2025-09-07T02:19:27Z,0,将棋ウォーズの子に似てる,,,0,
ak6HXB6--HM,UgyALA2ZAXsZAbg-CkN4AaABAg,,UgyALA2ZAXsZAbg-CkN4AaABAg,0,@ハヤタ隊員-m3r,2025-09-03T09:40:37Z,2025-09-03T09:40:37Z,0,確かにこいつはある意味でプロだ😂,,,0,
ak6HXB6--HM,UgwXaQrTtBrG79GDzWZ4AaABAg,,UgwXaQrTtBrG79GDzWZ4AaABAg,0,@kiana6636,2025-09-03T02:45:58Z,2025-09-03T02:45:58Z,0,最後オモロい笑,,,0,
ak6HXB6--HM,UgwGeyEuM53lZFE9RGZ4AaABAg,,UgwGeyEuM53lZFE9RGZ4AaABAg,0,@Selfy_fish,2025-09-01T15:04:33Z,2025-09-01T15:04:33Z,1,荒らしたったさんどのゲームも上手いのすごすぎ,,,0,
ak6HXB6--HM,UgwjI6iYCvdMntogI3F4AaABAg,,UgwjI6iYCvdMntogI3F4AaABAg,0,@uniunidayo,2025-09-01T01:26:42Z,2025-09-01T01:26:42Z,0,弱くて可愛い,,,1,
ak6HXB6--HM,Ugy55WCXAY0TRopwJsZ4AaABAg,,Ugy55WCXAY0TRopwJsZ4AaABAg,0,@せとか-kirbymikan,2025-08-30T14:09:11Z,2025-08-30T14:09:11Z,0,いい子やわ😊,,,0,
ak6HXB6--HM,UgxlqnJerOP2FY3mCk94AaABAg,,UgxlqnJerOP2FY3mCk94AaABAg,0,@橋本照夫-z1m,2025-08-29T11:12:15Z,2025-08-29T11:12:15Z,0,私が学校行っててS+なのにこいつ雑魚過ぎ😂,,,1,
ak6HXB6--HM,UgzGspchQ2P3BsuvGwB4AaABAg,,UgzGspchQ2P3BsuvGwB4AaABAg,0,@ゴジラ好きに幸あれ,2025-08-29T10:52:14Z,2025-08-29T10:52:14Z,0,気持ち良すぎる,,,0,
ak6HXB6--HM,UgzTvMkQaH5EbFh2sl94AaABAg,,UgzTvMkQaH5EbFh2sl94AaABAg,0,@霍田真琴,2025-08-28T10:09:17Z,2025-08-28T10:09:17Z,0,0:11 ぜったきWWW,,,0,
ak6HXB6--HM,UgxMHOe9J7t_nCXDIcl4AaABAg,,UgxMHOe9J7t_nCXDIcl4AaABAg,0,@Mawin2232,2025-08-16T09:33:31Z,2025-08-16T09:33:31Z,0,スプラやってる、マイクラもやってる……………しかもマイクラチート…………最高すぎて目からハダカデバネズミ出る,,,0,
ak6HXB6--HM,UgzeubhGNZbjitxRB_Z4AaABAg,,UgzeubhGNZbjitxRB_Z4AaABAg,0,@hideishii5727,2025-08-13T11:53:05Z,2025-08-13T11:53:05Z,0,この熱を社会人生活に是非向けてほしい,,,0,
ak6HXB6--HM,Ugyzteu1WadHbn_EYjp4AaABAg,,Ugyzteu1WadHbn_EYjp4AaABAg,0,@りゅう-t7h,2025-08-10T23:41:05Z,2025-08-10T23:41:05Z,0,中学生ぐらいかな…声的に……。,,,0,
ak6HXB6--HM,UgwNsiOFeMdlo15gYix4AaABAg,,UgwNsiOFeMdlo15gYix4AaABAg,0,@サラビア-k3x,2025-08-04T05:26:37Z,2025-08-04T05:26:37Z,14,圧倒的ヤラセ感,,,0,
ak6HXB6--HM,UgycpJIusv8MDAIromR4AaABAg,,UgycpJIusv8MDAIromR4AaABAg,0,@こうき-s5g,2025-08-03T14:36:47Z,2025-08-03T14:36:47Z,0,このチャンネル気に入りました。(登録しました)よろしくです。,,,0,
ak6HXB6--HM,Ugwpc4ZfMkj_Z1ryHrJ4AaABAg,,Ugwpc4ZfMkj_Z1ryHrJ4AaABAg,0,@平山敬通,2025-08-02T02:21:28Z,2025-08-02T02:21:28Z,0,"名前インドしんでまえw
約15億のインド国民を敵に回した男やん",,,1,
ak6HXB6--HM,UgzD8YUpz_64lxZyHCt4AaABAg,,UgzD8YUpz_64lxZyHCt4AaABAg,0,@重富彰仁-h2r,2025-08-01T12:53:48Z,2025-08-01T12:53:48Z,0,スプラシューターってこんな弱かったっけ？,,,0,
ak6HXB6--HM,UgwQrMSjwJ4etN_6GSV4AaABAg,,UgwQrMSjwJ4etN_6GSV4AaABAg,0,@後藤共用3,2025-07-28T05:35:14Z,2025-07-28T05:35:14Z,0,本当に土下座の写真送ってて草（笑）,,,0,
ak6HXB6--HM,Ugwdl51D6KhgKz1td9Z4AaABAg,,Ugwdl51D6KhgKz1td9Z4AaABAg,0,@mrtmsm100,2025-07-27T04:37:27Z,2025-07-27T04:37:27Z,0,この子もほんとはいい子なんやろな😢,,,0,
ak6HXB6--HM,Ugyf4133CI0uKRPo6ud4AaABAg,,Ugyf4133CI0uKRPo6ud4AaABAg,0,@もんきち-v3y,2025-07-20T02:29:23Z,2025-07-20T02:29:23Z,0,言い訳せず約束はまもんのえらいw,,,0,
ak6HXB6--HM,UgwrYpXe9CSyxZ3oPOt4AaABAg,,UgwrYpXe9CSyxZ3oPOt4AaABAg,0,@きの2,2025-06-15T11:57:57Z,2025-06-15T11:57:57Z,0,もしかして荒らしたったww害悪のさわだ説,,,1,
ak6HXB6--HM,UgxRT-danmxOkmktUVB4AaABAg,,UgxRT-danmxOkmktUVB4AaABAg,0,@ホープ-v3j,2025-06-03T03:06:37Z,2025-06-03T03:06:37Z,0,"サボってる時点で親が馬鹿な、自由にさせるを間違えてるDQNで草

同じことやってドヤってる馬鹿おったが、
事情があろうが、まともに毎日躾や教育してる家庭の子は、““小学当時から見ても““アウトなんよな

地元がスラムで、よくDQN親おったが、その一般的な傾向として、
ていうか親に嘘ついてサボってるとかいうパターンではなく、例外ゼロで馬鹿親が甘やかしてる・子供自身も馬鹿だからそうなってるパターンしかないのよな

（テメーの息子や娘に甘くてろくな躾をしておらず、叱りもせず放置でやりたい放題で、自由を履き違えており、注意されると逆ギレする茶髪に染めてるくせに100均のハケのように質が悪くバサバサな馬鹿な母親たちや、オラついてる低偏差値中卒・高卒かつキチガイ暴走族・チンピラの父親たちが、
どれだけ少なく見積もっても、過半数余裕で超えてるところ）

社会人で有給使って休む＝休む権利が正当に、かつ、取っても問題ない状態じゃねえのよW",,,1,
ak6HXB6--HM,UgxJ0dTSnQ2BOPBnNR14AaABAg,,UgxJ0dTSnQ2BOPBnNR14AaABAg,0,@ぱんけーきはちみつ7L付き,2025-05-29T10:23:57Z,2025-05-29T10:23:57Z,0,いゃー弱そう（マインクラフト荒らしたったww）がね！XP何なん^ ^,,,1,
ak6HXB6--HM,UgxlUTeb864BOGpMlWt4AaABAg,,UgxlUTeb864BOGpMlWt4AaABAg,0,@sirayuki653,2025-05-19T13:03:45Z,2025-05-19T13:03:45Z,0,あとうますぎでしょ生意気なガキはこうしてこらしめた方がいいですよね,,,1,
ak6HXB6--HM,UgwHjOYds6U290dax1R4AaABAg,,UgwHjOYds6U290dax1R4AaABAg,0,@sirayuki653,2025-05-19T13:03:12Z,2025-05-19T13:03:12Z,0,スプラの仲間になってみたい,,,0,
ak6HXB6--HM,UgwPKx_qibwzcqpGast4AaABAg,,UgwPKx_qibwzcqpGast4AaABAg,0,@コメ返したやつ不合格,2025-04-25T04:21:49Z,2025-04-25T04:21:49Z,2,7:35 このタイミングでbeeReal来たw,,,0,
ak6HXB6--HM,UgzEdxZYQn-5b5YSTph4AaABAg,,UgzEdxZYQn-5b5YSTph4AaABAg,0,@えすくん-u9v,2025-04-20T10:44:53Z,2025-04-20T10:44:53Z,0,相手隙ありすぎだろ😂😂😂😂😂😂,,,0,
ak6HXB6--HM,UgwHsMxFyvtDv0HnxuF4AaABAg,,UgwHsMxFyvtDv0HnxuF4AaABAg,0,@フィデ-j1n,2025-04-20T05:22:38Z,2025-04-20T05:22:38Z,0,イキリはだいたいやられたときに、まぐれ、きしょい、ラグ、チート、などの言葉を言うのかな～,,,1,
ak6HXB6--HM,Ugz87iiF4N3SgXajnQh4AaABAg,,Ugz87iiF4N3SgXajnQh4AaABAg,0,@kaaa___pe,2025-04-13T14:18:21Z,2025-04-13T14:18:21Z,1,この人何しても上手いよな,,,0,
ak6HXB6--HM,UgwZxK0DIBvugaNredN4AaABAg,,UgwZxK0DIBvugaNredN4AaABAg,0,@あいうえお-i4u4p,2025-04-13T10:49:05Z,2025-04-13T10:49:05Z,0,学校でいじられて暴言溜め込んで優しい人に(主)ぶちかましちゃったんだよねきっと。、 土下座ちゃんと送ってるから約束は守る人なんね,,,0,
ak6HXB6--HM,UgxiIE-nT2w0JV6IHQd4AaABAg,,UgxiIE-nT2w0JV6IHQd4AaABAg,0,@海幸シラ,2025-04-11T23:10:01Z,2025-04-11T23:10:01Z,0,上いったのにどこ行ったかわかんなくなってるの草,,,0,
ak6HXB6--HM,Ugzm2dPBJ9dQEhcajLl4AaABAg,,Ugzm2dPBJ9dQEhcajLl4AaABAg,0,@Aka-c3n,2025-04-10T02:15:51Z,2025-04-10T02:15:51Z,0,まあたぶんA帯だと思うけどA帯はイキる人多い気がするからなー、謝れるのは偉い,,,0,
ak6HXB6--HM,UgzAG9Oi8Cp08FLS-LN4AaABAg,,UgzAG9Oi8Cp08FLS-LN4AaABAg,0,@かばやきたろうーすこん部,2025-03-22T23:58:31Z,2025-03-22T23:58:31Z,0,8:33 0.001%残してくれてるの草,,,0,
ak6HXB6--HM,UgwhrfHeXP-VnQVu8tV4AaABAg,,UgwhrfHeXP-VnQVu8tV4AaABAg,0,@るい-l8n,2025-03-22T04:26:29Z,2025-03-22T04:26:29Z,0,厨二病ｗｗ,,,0,
ak6HXB6--HM,UgzjeWfr9JBNKqGXX314AaABAg,,UgzjeWfr9JBNKqGXX314AaABAg,0,@りゅと-y1q,2025-03-19T23:18:28Z,2025-04-15T00:45:52Z,0,"今見たらギアえぐwステジャン付けなさいよ()
追記  冷静に考えたらタイマンだからステジャンいらねーわ、にわかですまぬ😢",,,0,
ak6HXB6--HM,UgzjeWfr9JBNKqGXX314AaABAg.AFs2YFhfpD4AGLWRcrOkS2,UgzjeWfr9JBNKqGXX314AaABAg,UgzjeWfr9JBNKqGXX314AaABAg,1,@匿名-y3i4x,2025-03-31T19:16:56Z,2025-03-31T19:16:56Z,1,味方いないだろ,,,0,
ak6HXB6--HM,UgzjeWfr9JBNKqGXX314AaABAg.AFs2YFhfpD4AGLrC8cIBkL,UgzjeWfr9JBNKqGXX314AaABAg,UgzjeWfr9JBNKqGXX314AaABAg,1,@りゅと-y1q,2025-03-31T22:27:03Z,2025-03-31T22:27:03Z,0,@ あ、たしかに(),,,0,
ak6HXB6--HM,UgzjeWfr9JBNKqGXX314AaABAg.AFs2YFhfpD4AGuvowVBi0d,UgzjeWfr9JBNKqGXX314AaABAg,UgzjeWfr9JBNKqGXX314AaABAg,1,@kei-ek3zs,2025-04-14T22:40:06Z,2025-04-14T22:40:06Z,0,@りゅと-y1qにわか,,,0,
ak6HXB6--HM,UgzjeWfr9JBNKqGXX314AaABAg.AFs2YFhfpD4AGv8sxe-Nmq,UgzjeWfr9JBNKqGXX314AaABAg,UgzjeWfr9JBNKqGXX314AaABAg,1,@りゅと-y1q,2025-04-15T00:42:59Z,2025-04-15T00:42:59Z,0,@ タイマンだってこと忘れてたわ,,,0,
ak6HXB6--HM,UgwpiOxdTX3k0tokBs14AaABAg,,UgwpiOxdTX3k0tokBs14AaABAg,0,@DNA-xd1kj,2025-02-09T16:10:55Z,2025-02-09T16:10:55Z,0,結構待ってくれてんの草,,,0,
ak6HXB6--HM,UgxOcTXRJG92guWGt6B4AaABAg,,UgxOcTXRJG92guWGt6B4AaABAg,0,@プロタン田中,2025-02-06T23:26:08Z,2025-02-06T23:26:08Z,0,"この曲なんてやつですか？
i want to be my say youってやつ",,,0,
ak6HXB6--HM,UgxgTSUjGAvTPMXaWDB4AaABAg,,UgxgTSUjGAvTPMXaWDB4AaABAg,0,@superkohaku3570,2025-01-14T11:11:07Z,2025-01-14T11:11:07Z,0,てかタイマンの時帰れよ...,,,0,
ak6HXB6--HM,UgyTPgZD5oOQfwsY9S94AaABAg,,UgyTPgZD5oOQfwsY9S94AaABAg,0,@みるく-opigokugoku,2024-12-29T06:10:40Z,2024-12-29T06:10:40Z,1,"荒らしたった雑魚すぎꉂ🤣𐤔
ただの初心者いじめやん😅🤣
俺とタイマンしろよ‼️雑魚🐟ꉂ🤣𐤔🤪",,,1,
ak6HXB6--HM,Ugz9QeUFx0yPVFRryeh4AaABAg,,Ugz9QeUFx0yPVFRryeh4AaABAg,0,@ts07128,2024-12-24T04:48:05Z,2024-12-24T04:48:05Z,1,すぷらのかみをおもいだす,,,0,
ak6HXB6--HM,UgzbBNKzmLSbbmLcSCB4AaABAg,,UgzbBNKzmLSbbmLcSCB4AaABAg,0,@直久岩切,2024-12-22T08:02:35Z,2024-12-22T08:02:35Z,0,バッジで弱いってわかるw,,,1,
ak6HXB6--HM,UgzJ8NNWCvDL2Khtekl4AaABAg,,UgzJ8NNWCvDL2Khtekl4AaABAg,0,@翔-e8j,2024-12-15T05:58:17Z,2024-12-15T05:58:17Z,0,そいつに会ったら容赦なく叩き潰す,,,1,
ak6HXB6--HM,UgxpZeBXVW6L_JqfwP54AaABAg,,UgxpZeBXVW6L_JqfwP54AaABAg,0,@mi-yakyatto,2024-11-17T14:45:43Z,2024-11-17T14:45:43Z,0,マイクラじゃなくなってて草,,,0,
ak6HXB6--HM,Ugx58_Qiu-lFXSmb9fl4AaABAg,,Ugx58_Qiu-lFXSmb9fl4AaABAg,0,@にっしぃ-024,2024-11-17T12:44:19Z,2024-11-17T12:44:19Z,2,🤓絶対こんな顔してて草,,,0,
ak6HXB6--HM,Ugyg7DdMPZfoLJ3RwCd4AaABAg,,Ugyg7DdMPZfoLJ3RwCd4AaABAg,0,@EliteGlacial,2024-11-11T05:06:11Z,2024-11-11T05:06:11Z,5,2:43 インドに何の恨みがあるんだよｗｗｗ,,,0,
ak6HXB6--HM,Ugxg1FNrqMGY72sbXZN4AaABAg,,Ugxg1FNrqMGY72sbXZN4AaABAg,0,@human-r1y3r,2024-11-05T03:23:38Z,2024-11-05T03:23:38Z,0,4:40 ポケカ、ポ◯モンカード？,,,0,
ak6HXB6--HM,Ugzl4VCVrNjtKRXUPoF4AaABAg,,Ugzl4VCVrNjtKRXUPoF4AaABAg,0,@koyudashi,2024-10-30T21:49:20Z,2024-10-30T21:49:20Z,0,イキリキッズくんカマチョ♡,,,1,
ak6HXB6--HM,UgxOVpTCBPohkw1-2HB4AaABAg,,UgxOVpTCBPohkw1-2HB4AaABAg,0,@ちゃちゃ-h6j,2024-10-13T12:48:09Z,2024-10-13T12:48:09Z,0,こんなことしてる時点で同等やなww,,,0,
ak6HXB6--HM,UgxgNq050rwQke9iNdN4AaABAg,,UgxgNq050rwQke9iNdN4AaABAg,0,@アキラデス,2024-10-13T03:15:51Z,2024-10-13T03:15:51Z,1,君が一番イキってるよ♡,,,0,
ak6HXB6--HM,UgxgNq050rwQke9iNdN4AaABAg.A9Wd6b6994IAArfTloN3gL,UgxgNq050rwQke9iNdN4AaABAg,UgxgNq050rwQke9iNdN4AaABAg,1,@TheShiratama31,2024-11-15T13:11:11Z,2024-11-15T13:11:11Z,2,は？,,,1,
ak6HXB6--HM,UgzdHCLE66sl6BBrhJ94AaABAg,,UgzdHCLE66sl6BBrhJ94AaABAg,0,@uni_sakyu,2024-10-02T12:45:23Z,2024-10-02T12:45:23Z,2,2:37 舐めTENGAおもろw,,,0,
ak6HXB6--HM,Ugy7v0tqAGYddikLtfx4AaABAg,,Ugy7v0tqAGYddikLtfx4AaABAg,0,@さつきめい-r6f,2024-09-30T10:54:06Z,2024-09-30T10:54:53Z,0,これはサブ垢でしてんの？それとも本垢？本垢やったらランク12で弱すぎwそれに負ける奴も雑魚w,,,1,
ak6HXB6--HM,UgxYDsEEF_78HdrlQ3F4AaABAg,,UgxYDsEEF_78HdrlQ3F4AaABAg,0,@AitoQwQ,2024-09-30T10:26:07Z,2024-09-30T10:26:07Z,0,ポケカで吹いた,,,0,
ak6HXB6--HM,Ugz0iJSFCTZjjeuP_Sx4AaABAg,,Ugz0iJSFCTZjjeuP_Sx4AaABAg,0,@nab5547,2024-09-10T01:27:42Z,2024-09-10T01:27:42Z,0,名前がもうBANなの草,,,0,
ak6HXB6--HM,Ugzq5mpeMPqXQL1whBd4AaABAg,,Ugzq5mpeMPqXQL1whBd4AaABAg,0,@HHo-mumei,2024-09-02T11:43:55Z,2024-09-02T11:43:55Z,0,荒らしたったさんスプラ始めたんだ！！！,,,0,
ak6HXB6--HM,Ugzt7FI1TGYN63W5b454AaABAg,,Ugzt7FI1TGYN63W5b454AaABAg,0,@nasu0109,2024-08-31T04:40:17Z,2024-08-31T04:40:17Z,0,"キッズの二つ名ダッサ。
何が「無限のトルネード」だ。",,,0,
ak6HXB6--HM,Ugz71s2yycH5INMrm9h4AaABAg,,Ugz71s2yycH5INMrm9h4AaABAg,0,@_aRa-eb4gz,2024-08-30T09:50:32Z,2024-08-30T09:50:32Z,0,"ﾊﾟｯと見正直結構弱くない?やってみないとわかんないけど_________.あ,キッズの方です!!",,,1,
ak6HXB6--HM,UgyA0xjWfA8apqAuTgV4AaABAg,,UgyA0xjWfA8apqAuTgV4AaABAg,0,@トドです,2024-08-29T10:32:17Z,2024-08-29T10:32:17Z,1,待って土下座写真ってあの犯罪者のSouthernの謝罪動画の土下座じゃね？,,,0,
ak6HXB6--HM,UgypRHfjH0A3FIhgqpJ4AaABAg,,UgypRHfjH0A3FIhgqpJ4AaABAg,0,@Shirayuki0915,2024-08-28T13:14:16Z,2024-08-28T13:14:16Z,0,"いじめられて、そのストレスをスプラで煽ったりして発散してるんやろ...？だったらゲームじゃなくて現実で強くなって見返すって方法を思いついて欲しいわ。、


でもちゃんと土下座送ってるのは偉いぞ👍⸒",,,0,
ak6HXB6--HM,UgzegtRpAE3yscZm1MF4AaABAg,,UgzegtRpAE3yscZm1MF4AaABAg,0,@15teikoku,2024-08-27T20:59:53Z,2024-08-27T20:59:53Z,1,スプラトゥーンプロだったらキッズでも勝てそうだけどね,,,0,
ak6HXB6--HM,Ugx_vAmlmZDfoCfwb9F4AaABAg,,Ugx_vAmlmZDfoCfwb9F4AaABAg,0,@ワイテルズ好き-m6k,2024-08-27T12:18:32Z,2024-08-27T12:18:32Z,0,あいつただ初心者いじめたいだけ？,,,0,
ak6HXB6--HM,UgzT2fEaFuuYVclRRKx4AaABAg,,UgzT2fEaFuuYVclRRKx4AaABAg,0,@Morukora-315,2024-08-24T05:23:01Z,2024-08-24T05:23:01Z,0,黒ザップにサーマルインクは合うのか？？？？,,,0,
ak6HXB6--HM,UgyeNU-wZLNea6jrVLl4AaABAg,,UgyeNU-wZLNea6jrVLl4AaABAg,0,@紅組団長カパおくん,2024-08-21T08:06:54Z,2024-08-21T08:06:54Z,0,相手の動き見てたけど正直よわくねって思うの俺だけかな？でも最後ちゃんと土下座してるからほかの人に比べたら全然ましなほうですね～～,,,1,
ak6HXB6--HM,UgwPwnirqlSpVgQWQa94AaABAg,,UgwPwnirqlSpVgQWQa94AaABAg,0,@Takoyaki71,2024-08-15T10:04:17Z,2024-08-15T10:04:17Z,2,本当に土下座するとか、素直でかわいいな,,,0,
ak6HXB6--HM,UgyV487RwGFXOzqn_nN4AaABAg,,UgyV487RwGFXOzqn_nN4AaABAg,0,@chokoo-kg4nt,2024-08-14T14:43:59Z,2024-08-14T14:43:59Z,0,俺が言いたいのはいきっとるやつ下手すぎってこと,,,1,
ak6HXB6--HM,UgwEVThIBMm6aQ3zwFp4AaABAg,,UgwEVThIBMm6aQ3zwFp4AaABAg,0,@rimuru1122,2024-08-14T09:32:40Z,2024-08-14T09:32:40Z,0,土下座写真おもろすぎて好き,,,0,
ak6HXB6--HM,UgxBdJh5qjV44yEfdUt4AaABAg,,UgxBdJh5qjV44yEfdUt4AaABAg,0,@暁-B,2024-08-14T03:19:49Z,2024-08-14T03:19:49Z,1,「ボケが」が、「ポケカ」って字幕になってるの草,,,0,
ak6HXB6--HM,Ugz79z5xMUOYS10_AxJ4AaABAg,,Ugz79z5xMUOYS10_AxJ4AaABAg,0,@おさかな-返信通知オフ-e4t,2024-08-12T02:16:11Z,2024-08-12T02:17:22Z,1,"クソガキ嫌いだけど、これは可愛い。
頑張ってイキろうとしてるのが微笑ましい",,,0,
ak6HXB6--HM,UgzPlC7BUUNsntPJ2Jp4AaABAg,,UgzPlC7BUUNsntPJ2Jp4AaABAg,0,@kuredora-c3u,2024-08-07T03:58:18Z,2024-08-07T03:58:18Z,0,まだヤラセしてたのかよw,,,0,
ak6HXB6--HM,UgxzPUKhdqbUpA-qFtJ4AaABAg,,UgxzPUKhdqbUpA-qFtJ4AaABAg,0,@くりはらいじんぐ,2024-08-04T07:45:15Z,2024-08-04T07:45:15Z,0,ギアからクソ雑魚なの草🌱,,,1,
ak6HXB6--HM,UgzqM_zleBLgFLMxdM94AaABAg,,UgzqM_zleBLgFLMxdM94AaABAg,0,@まーくん-f7l,2024-08-01T13:15:38Z,2024-08-01T13:15:38Z,1,プロゲーマー舐めちょる？,,,0,
ak6HXB6--HM,UgwIJNqHPe1Y-bmiY494AaABAg,,UgwIJNqHPe1Y-bmiY494AaABAg,0,@豆腐メンタル-v9u,2024-08-01T03:57:12Z,2024-08-01T03:57:12Z,4,煽る時点から下手確定なんだよなあ,,,1,
ak6HXB6--HM,UgwHry75Uwiu8GoQqg14AaABAg,,UgwHry75Uwiu8GoQqg14AaABAg,0,@彩織竹辺,2024-07-31T07:38:39Z,2024-07-31T07:42:29Z,1,"イキリのギアくそやんけw
あと、下手くそ",,,1,
ak6HXB6--HM,Ugxe-j9BvGtoR-KTehl4AaABAg,,Ugxe-j9BvGtoR-KTehl4AaABAg,0,@稲嶺麗子,2024-07-30T12:56:53Z,2024-07-30T12:56:53Z,1,タイマンの相手くそ雑魚やし何煽ってんの,,,1,
ak6HXB6--HM,UgzQC10VTV3gFy0sQZt4AaABAg,,UgzQC10VTV3gFy0sQZt4AaABAg,0,@蜘蛛ニキですが,2024-07-30T07:33:20Z,2024-07-30T07:33:40Z,4,ザップの立ち回りなってなくて草（ザップの立ち回り知らん）,,,0,
ak6HXB6--HM,UgxtW-v0-M0QDwn8gYZ4AaABAg,,UgxtW-v0-M0QDwn8gYZ4AaABAg,0,@renren.eutr3,2024-07-29T00:24:35Z,2024-07-29T00:24:35Z,1,頑張って隠してて草,,,0,
ak6HXB6--HM,UgwSdyv39m6MxRiQxlx4AaABAg,,UgwSdyv39m6MxRiQxlx4AaABAg,0,@usagi5610,2024-07-26T08:53:25Z,2024-07-26T08:53:25Z,1,ガキが仲間に来たらがきのせいで絶対負ける,,,1,
ak6HXB6--HM,UgzCJr-t7bBgXJFM1Gx4AaABAg,,UgzCJr-t7bBgXJFM1Gx4AaABAg,0,@森節子,2024-07-23T23:55:39Z,2024-07-23T23:55:39Z,0,ランク12はザコ,,,0,
ak6HXB6--HM,Ugw6z3pSlk1fE2kw7ix4AaABAg,,Ugw6z3pSlk1fE2kw7ix4AaABAg,0,@KING_c-KURONEKO,2024-07-23T13:55:19Z,2024-07-23T13:55:19Z,0,これだからザコザコいってる暴言厨は……,,,1,
ak6HXB6--HM,Ugz2jf_fT-YNtau_C_p4AaABAg,,Ugz2jf_fT-YNtau_C_p4AaABAg,0,@noob-y2n,2024-07-22T03:25:58Z,2024-07-22T03:25:58Z,0,負けても「は？」しか言えないの草,,,0,
ak6HXB6--HM,Ugz-3N94-iqSo2m314l4AaABAg,,Ugz-3N94-iqSo2m314l4AaABAg,0,@q2uz,2024-07-12T15:09:42Z,2024-07-12T15:09:52Z,4,本気モードも下手で草俺のほうが強いわ,,,0,
ak6HXB6--HM,Ugz-3N94-iqSo2m314l4AaABAg.A5nRsbr9As4A63Rap2YaAR,Ugz-3N94-iqSo2m314l4AaABAg,Ugz-3N94-iqSo2m314l4AaABAg,1,@チャンネル登録して-1,2024-07-19T05:34:22Z,2024-07-19T05:34:22Z,1,ネタ？,,,,
ak6HXB6--HM,Ugz-3N94-iqSo2m314l4AaABAg.A5nRsbr9As4A63W537kjSL,Ugz-3N94-iqSo2m314l4AaABAg,Ugz-3N94-iqSo2m314l4AaABAg,1,@q2uz,2024-07-19T06:13:35Z,2024-07-19T06:13:35Z,1,@チャンネル登録して-1 ほんと,,,,
ak6HXB6--HM,Ugz-3N94-iqSo2m314l4AaABAg.A5nRsbr9As4A63hCO3K3g8,Ugz-3N94-iqSo2m314l4AaABAg,Ugz-3N94-iqSo2m314l4AaABAg,1,@q2uz,2024-07-19T07:59:26Z,2024-07-19T07:59:26Z,1,おれs5だから,,,,
ak6HXB6--HM,Ugz-3N94-iqSo2m314l4AaABAg.A5nRsbr9As4A63k3DUn7DL,Ugz-3N94-iqSo2m314l4AaABAg,Ugz-3N94-iqSo2m314l4AaABAg,1,@チャンネル登録して-1,2024-07-19T08:24:24Z,2024-07-19T08:24:24Z,0,"@q2uz 
お、おう",,,,
ak6HXB6--HM,Ugz-3N94-iqSo2m314l4AaABAg.A5nRsbr9As4A6IFEGWrl6T,Ugz-3N94-iqSo2m314l4AaABAg,Ugz-3N94-iqSo2m314l4AaABAg,1,@tks113tmm,2024-07-24T23:34:54Z,2024-07-24T23:34:54Z,0,おれXP最高2000くらい,,,,
ak6HXB6--HM,Ugz-3N94-iqSo2m314l4AaABAg.A5nRsbr9As4A6IGQ9nrwri,Ugz-3N94-iqSo2m314l4AaABAg,Ugz-3N94-iqSo2m314l4AaABAg,1,@q2uz,2024-07-24T23:45:16Z,2024-07-24T23:45:16Z,0,@tks113tmm 俺xp2450シャーカー使い,,,,
ak6HXB6--HM,Ugz-3N94-iqSo2m314l4AaABAg.A5nRsbr9As4A6IMTIOZ9WS,Ugz-3N94-iqSo2m314l4AaABAg,Ugz-3N94-iqSo2m314l4AaABAg,1,@tks113tmm,2024-07-25T00:38:07Z,2024-07-25T00:38:07Z,1,"@q2uz へー
でもさあ、下手って言い方はよくないと思うなあ",,,,
ak6HXB6--HM,Ugz-3N94-iqSo2m314l4AaABAg.A5nRsbr9As4A6IZs875vbb,Ugz-3N94-iqSo2m314l4AaABAg,Ugz-3N94-iqSo2m314l4AaABAg,1,@q2uz,2024-07-25T02:35:15Z,2024-07-25T02:35:15Z,1,@tks113tmm でも実際索敵とか出来てないし,,,,
ak6HXB6--HM,Ugz-3N94-iqSo2m314l4AaABAg.A5nRsbr9As4A6IeS1od_ZU,Ugz-3N94-iqSo2m314l4AaABAg,Ugz-3N94-iqSo2m314l4AaABAg,1,@tks113tmm,2024-07-25T03:23:58Z,2024-07-25T03:23:58Z,0,"@q2uz 確かにそうだな
納得したよ",,,,
ak6HXB6--HM,Ugz-3N94-iqSo2m314l4AaABAg.A5nRsbr9As4A6IgW8MiKbG,Ugz-3N94-iqSo2m314l4AaABAg,Ugz-3N94-iqSo2m314l4AaABAg,1,@q2uz,2024-07-25T03:42:00Z,2024-07-25T03:42:00Z,1,@tks113tmm だってねイキリキッズがね弱すぎて動画の人が強く見えるだけ腕前だったら万年S帯で沼ってるよ絶対,,,,
ak6HXB6--HM,Ugz-3N94-iqSo2m314l4AaABAg.A5nRsbr9As4A6Ii2JtxbXH,Ugz-3N94-iqSo2m314l4AaABAg,Ugz-3N94-iqSo2m314l4AaABAg,1,@tks113tmm,2024-07-25T03:55:25Z,2024-07-25T03:55:25Z,0,"@q2uz じゃあイキリキッズが
弱すぎるだけか",,,,
ak6HXB6--HM,Ugz-3N94-iqSo2m314l4AaABAg.A5nRsbr9As4A6IjNvDoJlo,Ugz-3N94-iqSo2m314l4AaABAg,Ugz-3N94-iqSo2m314l4AaABAg,1,@q2uz,2024-07-25T04:07:06Z,2024-07-25T04:07:06Z,0,@tks113tmm そういうこと,,,,
ak6HXB6--HM,Ugz-3N94-iqSo2m314l4AaABAg.A5nRsbr9As4A6ImJdacPer,Ugz-3N94-iqSo2m314l4AaABAg,Ugz-3N94-iqSo2m314l4AaABAg,1,@たかはやー,2024-07-25T04:32:44Z,2024-07-25T04:32:44Z,1,君も言葉遣いが下手で草俺の方が倫理観あるわ,,,,
ak6HXB6--HM,Ugz-3N94-iqSo2m314l4AaABAg.A5nRsbr9As4A6TJExXE8xp,Ugz-3N94-iqSo2m314l4AaABAg,Ugz-3N94-iqSo2m314l4AaABAg,1,@2番目の弱者めんと,2024-07-29T06:41:36Z,2024-07-29T06:41:36Z,1,"@たかはやー
俺もまだ人間としての常識がある方",,,,
ak6HXB6--HM,Ugzdh_MSfWL3bPDzEph4AaABAg,,Ugzdh_MSfWL3bPDzEph4AaABAg,0,@Ruu581,2024-07-11T11:35:00Z,2024-07-11T11:35:00Z,0,ごめんなさい普通にどっちも勝てそう。,,,,
ak6HXB6--HM,UgwPMRYv5PF52g25TDB4AaABAg,,UgwPMRYv5PF52g25TDB4AaABAg,0,@shu310x,2024-07-06T15:43:04Z,2024-07-06T15:44:39Z,0,多分通報したらBANされる(キッズ)の方動画見て思ったことはめっちゃ下手でも練習したら強くなると思うちゃんと謝れるのはえらい,,,,
ak6HXB6--HM,Ugxxm5owQLKpPWxoBAV4AaABAg,,Ugxxm5owQLKpPWxoBAV4AaABAg,0,@R-px7wj,2024-05-19T13:19:24Z,2024-05-19T13:23:38Z,0,えろショタが,,,,
ak6HXB6--HM,UgzLkjWCKfBfzchWIV94AaABAg,,UgzLkjWCKfBfzchWIV94AaABAg,0,@maniahikakin-zt2pm,2024-05-12T10:08:06Z,2024-05-12T10:08:06Z,0,最初の言葉聞いてまつだこうせいってすぐわかった（まつだこうせいは過去動画参照　レックウザで荒らしたっていうので出てきました　他にもありますけど探してください）,,,,
ak6HXB6--HM,UgzLkjWCKfBfzchWIV94AaABAg.A3KpsEaJQzdA7kqo4XIqjC,UgzLkjWCKfBfzchWIV94AaABAg,UgzLkjWCKfBfzchWIV94AaABAg,1,@profit_and_loss_statement,2024-08-30T08:01:21Z,2024-08-30T08:01:21Z,0,やらせ隠す気無いのか笑,,,,
ak6HXB6--HM,UgxIfrHhxYRz1QsgVyN4AaABAg,,UgxIfrHhxYRz1QsgVyN4AaABAg,0,@トノムラセイジ,2024-05-11T00:41:49Z,2024-05-11T00:41:49Z,0,ボコしている所は見てるこっちも気持ちいしスカッとする,,,,
ak6HXB6--HM,UgywYIECyVMAAvwXoMx4AaABAg,,UgywYIECyVMAAvwXoMx4AaABAg,0,@コムドット-x5i,2024-05-05T23:57:40Z,2024-05-05T23:57:40Z,0,ね,,,,
ak6HXB6--HM,UgxTelpS6OcqWkzRfNF4AaABAg,,UgxTelpS6OcqWkzRfNF4AaABAg,0,@コムドット-x5i,2024-05-05T23:57:29Z,2024-05-05T23:57:29Z,0,し,,,,
ak6HXB6--HM,UgyLDLo8wpeBO5v13Lh4AaABAg,,UgyLDLo8wpeBO5v13Lh4AaABAg,0,@towa781,2024-04-24T15:08:25Z,2024-04-24T15:08:25Z,0,君もキッズやん,,,,
ak6HXB6--HM,UgyWVHUtZinmCus-tzd4AaABAg,,UgyWVHUtZinmCus-tzd4AaABAg,0,@banana-u5h,2024-04-21T09:45:34Z,2024-04-21T09:45:34Z,0,約束を守るのは👍,,,,
ak6HXB6--HM,UgyfHqoVymynlBQeATt4AaABAg,,UgyfHqoVymynlBQeATt4AaABAg,0,@TV_WOMAN-y3t,2024-04-16T06:51:33Z,2024-04-16T06:51:33Z,0,この声聞いた覚えが！,,,,
ak6HXB6--HM,UgyjJdFDbCP7qFnl4lJ4AaABAg,,UgyjJdFDbCP7qFnl4lJ4AaABAg,0,@ゆーさん16,2024-04-15T13:50:01Z,2024-04-15T13:52:43Z,0,4:08 ギア構成がだめですねちゃんと爆発耐性0.1そしてイカ速は0.3はまず積まないと 9:57 あと最低でもスプラは60FPS出るんでラグくはないですね,,,,
ak6HXB6--HM,Ugz9-MycvWzaGmHZCXJ4AaABAg,,Ugz9-MycvWzaGmHZCXJ4AaABAg,0,@文です,2024-04-15T13:49:14Z,2024-04-15T13:49:14Z,0,なんか可哀想www,,,,
ak6HXB6--HM,Ugwiyme4ocBs_DqpVeF4AaABAg,,Ugwiyme4ocBs_DqpVeF4AaABAg,0,@にくぽす_tia,2024-04-09T19:09:39Z,2024-04-09T19:09:39Z,1,"こーゆーの見てるとスッキリする










by2年",,,,
ak6HXB6--HM,UgxrVYRrB1jwuPBuSOp4AaABAg,,UgxrVYRrB1jwuPBuSOp4AaABAg,0,@Domenuu,2024-04-07T11:21:47Z,2024-04-07T11:21:47Z,0,ちゃんで土下座するの優しい,,,,
ak6HXB6--HM,Ugxbqbd3QQTFo9Z4DM14AaABAg,,Ugxbqbd3QQTFo9Z4DM14AaABAg,0,@オルカレロオルカラ,2024-04-06T07:26:03Z,2024-04-06T07:26:03Z,0,あのー聞いてください 今日ブロックマンゴーで頭おかしい奴？みたいのが現れて俺のち、んこたべろとかいってきましたけいさつにれんらくしたほうがいいとおもいます😢😢😢😢,,,,
ak6HXB6--HM,Ugxbqbd3QQTFo9Z4DM14AaABAg.A1sqhq8IGI6A2CVMr12XCC,Ugxbqbd3QQTFo9Z4DM14AaABAg,Ugxbqbd3QQTFo9Z4DM14AaABAg,1,@bebitappiyori.bobusappu,2024-04-14T07:54:52Z,2024-04-14T07:54:52Z,2,ロブロックスやめろwww,,,,
ak6HXB6--HM,Ugxbqbd3QQTFo9Z4DM14AaABAg.A1sqhq8IGI6A7kr7KLcgTe,Ugxbqbd3QQTFo9Z4DM14AaABAg,Ugxbqbd3QQTFo9Z4DM14AaABAg,1,@profit_and_loss_statement,2024-08-30T08:04:07Z,2024-08-30T08:04:07Z,1,自己解決してて草,,,,
ak6HXB6--HM,UgxemZDt-DAWhn4V6LB4AaABAg,,UgxemZDt-DAWhn4V6LB4AaABAg,0,@勇希-u7n,2024-04-05T17:13:36Z,2024-04-05T17:13:36Z,0,"自分でプロゲーマーって、イカロールできないなら、それはプロゲーマーではない。
プロゲーマーというものはゲームの特性を完全に理解した上で、それの最善の方法を尽くす…それがプロゲーマーだ。
プロゲーマーと僕ら一般のプレイヤーの違いはゲームの特性を完全に理解しているかだ。
強くなるためには実戦でゲームの特性を理解しつつ、それらを利用した最善の方法を尽くせる様なプレイスキルを少しずつ上げることだ。
っといいますけれど、僕はプロゲーマーではありません。",,,,
ak6HXB6--HM,UgxzQ8lnO8ndh7OcaB94AaABAg,,UgxzQ8lnO8ndh7OcaB94AaABAg,0,@固有種のネコ,2024-04-04T06:53:29Z,2024-04-04T06:53:29Z,0,よく見たら相手のギア結構できてるやん,,,,
ak6HXB6--HM,UgwFvzXM-_3Unf1XzqF4AaABAg,,UgwFvzXM-_3Unf1XzqF4AaABAg,0,@若菜赤井,2024-04-04T06:35:15Z,2024-04-04T06:35:15Z,0,はぁこれ回線ラグいからだしとか、武器のせいにするとかじゃなくて、ちゃんとどけ座するのはwww,,,,
ak6HXB6--HM,Ugxj805MRAeZp4yb2Qd4AaABAg,,Ugxj805MRAeZp4yb2Qd4AaABAg,0,@_eve9551,2024-03-30T10:56:47Z,2024-03-30T10:56:47Z,0,ガキですけど何か？,,,,
ak6HXB6--HM,Ugww5mr671DIV_Zrzkd4AaABAg,,Ugww5mr671DIV_Zrzkd4AaABAg,0,@_eve9551,2024-03-30T10:56:09Z,2024-03-30T10:56:09Z,0,"シンプルにイキリへったWww
ざっこ何試合中にしたむいてんの？？？？？(ガチマs➕15以上の自分

)",,,,
ak6HXB6--HM,UgztaMmxNB67hZ2SCr94AaABAg,,UgztaMmxNB67hZ2SCr94AaABAg,0,@YAMADA-DEATH,2024-03-20T14:18:31Z,2024-03-20T14:18:31Z,1,ガキから「ガキ」って言われんのワロタ,,,,
ak6HXB6--HM,UgwW8WrO0-6pdIj0jMp4AaABAg,,UgwW8WrO0-6pdIj0jMp4AaABAg,0,@doro-dango,2024-03-19T06:57:57Z,2024-03-19T06:57:57Z,0,最近の子供は口が悪いね,,,,
ak6HXB6--HM,Ugwk-faRNz7zX9X39Ud4AaABAg,,Ugwk-faRNz7zX9X39Ud4AaABAg,0,@shuuu314,2024-03-15T15:59:02Z,2024-03-15T15:59:02Z,1,あかん😂バリおもろい,,,,
ak6HXB6--HM,Ugw96OOl-_6FwiL9iYh4AaABAg,,Ugw96OOl-_6FwiL9iYh4AaABAg,0,@kazuuemura4010,2024-03-12T09:28:38Z,2024-03-12T09:28:38Z,2,0:11 ぜったきって草,,,,
ak6HXB6--HM,Ugw6aBRT5nx7ZrUVtPl4AaABAg,,Ugw6aBRT5nx7ZrUVtPl4AaABAg,0,@油-p2z,2024-03-10T13:53:50Z,2024-03-10T13:53:50Z,0,バグで？まぐれ？認めねゼッテーマジで？これおま…全部クソガキキッズで？,,,,
ak6HXB6--HM,Ugwb-oC-8VYQjZdcsBl4AaABAg,,Ugwb-oC-8VYQjZdcsBl4AaABAg,0,@seana8136,2024-03-05T16:08:44Z,2024-03-05T16:08:44Z,31,"なんか頑張って暴言はいて悪い風を装いたい感じが伝わってくる.....
かわいいヤツやな。",,,,
ak6HXB6--HM,Ugxx4ytjzOzz8MUQHih4AaABAg,,Ugxx4ytjzOzz8MUQHih4AaABAg,0,@Y-8-t2m,2024-03-03T09:33:27Z,2024-03-03T09:33:27Z,0,土下座するって言ったらするのが普通なのにこのチャンネル約束破る奴多すぎてみんな感覚麻痺してて草,,,,
ak6HXB6--HM,UgwmrsD4G1RA-Ev-eKx4AaABAg,,UgwmrsD4G1RA-Ev-eKx4AaABAg,0,@カム-k5t,2024-03-03T06:52:56Z,2024-03-03T06:52:56Z,1,イキってるやつが負けたときの言い訳「ラグっ」,,,,
ak6HXB6--HM,Ugw9HIfzIV3r7jtu90J4AaABAg,,Ugw9HIfzIV3r7jtu90J4AaABAg,0,@Ya_ma-mv3qe,2024-03-02T23:33:17Z,2024-03-02T23:33:17Z,0,この人はこれから強くなるんだよ,,,,
ak6HXB6--HM,Ugxj_BaEOxuFbEbXx394AaABAg,,Ugxj_BaEOxuFbEbXx394AaABAg,0,@Wadao_rasii,2024-02-25T14:57:04Z,2024-02-25T14:57:04Z,0,ぜったい弱いよなww,,,,
ak6HXB6--HM,UgzcdF3x98RZ1X7bTkp4AaABAg,,UgzcdF3x98RZ1X7bTkp4AaABAg,0,@うみですよー,2024-02-22T20:00:51Z,2024-02-22T20:00:51Z,0,声高校生ぐらいやのにほんまは小学生ていうな,,,,
ak6HXB6--HM,UgyeaeWJdOnQSTZps-V4AaABAg,,UgyeaeWJdOnQSTZps-V4AaABAg,0,@Yuuman-mk1pl,2024-02-16T16:45:29Z,2024-02-16T16:45:49Z,2,8:08 って主が勝ったん！？,,,,
ak6HXB6--HM,UgyeaeWJdOnQSTZps-V4AaABAg.A-t5zXb_LfHA7ODoXmF-qK,UgyeaeWJdOnQSTZps-V4AaABAg,UgyeaeWJdOnQSTZps-V4AaABAg,1,@BOTTIDAYO-072,2024-08-21T03:49:21Z,2024-08-21T03:49:21Z,0,塗りポイントが多いから勝ってる、タイマンはキル数だから,,,,
ak6HXB6--HM,UgzLU2qxj8Oz38Is__94AaABAg,,UgzLU2qxj8Oz38Is__94AaABAg,0,@ごじょうさとれない,2024-02-08T08:31:47Z,2024-02-08T08:31:47Z,0,"このガキ結構ギア弱いね
サーマルインクいらねえだろ
※個人の感想です",,,,
ak6HXB6--HM,UgyqYlCBS9mwUG5fr8x4AaABAg,,UgyqYlCBS9mwUG5fr8x4AaABAg,0,@ゴアマガラ-m4u,2024-02-03T06:53:52Z,2024-02-03T06:53:52Z,1,インドしんでまえは笑う,,,,
ak6HXB6--HM,Ugzuy5jqfNERRFYDozx4AaABAg,,Ugzuy5jqfNERRFYDozx4AaABAg,0,@eikoshimatani2433,2024-02-01T06:58:03Z,2024-02-01T06:58:03Z,3,土下座の写真素材調べたら簡単にあった,,,,
ak6HXB6--HM,Ugz80_CxFo7Wai8uStx4AaABAg,,Ugz80_CxFo7Wai8uStx4AaABAg,0,@khnj-d9j,2024-01-31T03:51:47Z,2024-01-31T03:51:47Z,1,小5です久しぶりにみます,,,,
ak6HXB6--HM,UgyzBAlpOFh3nXOR1_t4AaABAg,,UgyzBAlpOFh3nXOR1_t4AaABAg,0,@ruruka1melon,2024-01-28T17:33:31Z,2024-01-28T17:33:31Z,1,"この人と戦ってみたいなー
マイクラ荒らしたったさんともやってみたい",,,,
ak6HXB6--HM,UgxiXpSTKJfgV-R5Y_B4AaABAg,,UgxiXpSTKJfgV-R5Y_B4AaABAg,0,@ミグ-n6w,2024-01-28T13:27:03Z,2024-01-28T13:27:03Z,0,身長ひっく,,,,
ak6HXB6--HM,UgzV-e2uxkQjrHxB7AR4AaABAg,,UgzV-e2uxkQjrHxB7AR4AaABAg,0,@はなちゃん-l3s,2024-01-18T22:22:27Z,2024-01-18T22:22:27Z,0,いとこランク５０ごえ,,,,
ak6HXB6--HM,UgzwSbabXUHkoICI2Dh4AaABAg,,UgzwSbabXUHkoICI2Dh4AaABAg,0,@666-s6e1y,2024-01-12T11:29:47Z,2024-01-12T11:29:47Z,0,6:08 お前なのですがw,,,,
ak6HXB6--HM,Ugzf59FoxVmOgMVfkSZ4AaABAg,,Ugzf59FoxVmOgMVfkSZ4AaABAg,0,@haru0503-v1j,2023-12-28T17:20:29Z,2023-12-28T17:20:29Z,1,ほんとに土下座の写真を送るあたり素直な子やと思った(性格は直さなな),,,,
ak6HXB6--HM,UgzPt5dPhLCI0JGAGpl4AaABAg,,UgzPt5dPhLCI0JGAGpl4AaABAg,0,@810SENPAI-v8o,2023-12-12T14:38:20Z,2023-12-12T14:38:20Z,0,貴方も初心者やん,,,,
ak6HXB6--HM,Ugz41AMov3zaQBJlQqV4AaABAg,,Ugz41AMov3zaQBJlQqV4AaABAg,0,@ハイイロ茶,2023-12-02T01:37:08Z,2023-12-02T01:37:08Z,0,プロレスやん,,,,
ak6HXB6--HM,UgzmRDyd2UIEdwxWe_R4AaABAg,,UgzmRDyd2UIEdwxWe_R4AaABAg,0,@佐藤朋子-u5k,2023-11-24T04:59:34Z,2023-11-24T04:59:34Z,0,"Jjnnjnn
☹️😣😣😔",,,,
ak6HXB6--HM,Ugz9_rswq0xno2Jq-rp4AaABAg,,Ugz9_rswq0xno2Jq-rp4AaABAg,0,@おすしマン_k,2023-11-15T00:57:38Z,2023-11-15T00:57:38Z,6,ギアの服地味に色違いのおそろいなのわろた,,,,
ak6HXB6--HM,Ugz-PBLoXnC-fwYcnpx4AaABAg,,Ugz-PBLoXnC-fwYcnpx4AaABAg,0,@九十九そら丸ちゃんねる,2023-11-09T16:58:37Z,2023-11-09T16:58:37Z,1,"学校でイジられてイライラって言い返せないチー牛とか陰キャっていう人かな？
やっぱりそういう人がネットとかで強がってるのかww",,,,
ak6HXB6--HM,Ugxl_kXRmXqHADV9oSR4AaABAg,,Ugxl_kXRmXqHADV9oSR4AaABAg,0,@tmksmz8165,2023-10-31T14:04:55Z,2023-10-31T14:04:55Z,0,"かっけえっす！













ってなるかぁ！！！！！！！",,,,
ak6HXB6--HM,UgwgLXl7sRi9dySnYR94AaABAg,,UgwgLXl7sRi9dySnYR94AaABAg,0,@user-ep8lh2xg3l,2023-10-26T12:36:34Z,2023-10-26T12:36:34Z,0,ふざけやがって土下座の画像googleで拾ってきた画像やんあのイキリもどうせヤラセなんだろ,,,,
ak6HXB6--HM,Ugz8OMhvXANZpwUi1Y14AaABAg,,Ugz8OMhvXANZpwUi1Y14AaABAg,0,@boxgreen9069,2023-10-15T11:04:07Z,2023-10-15T11:04:07Z,2,初っ端から酷すぎる笑笑。,,,,
ak6HXB6--HM,UgzTsNu3XhcDpiW06R94AaABAg,,UgzTsNu3XhcDpiW06R94AaABAg,0,@bobjapaneseroblox,2023-10-08T14:27:53Z,2023-10-08T14:29:25Z,1,"２勢だけど許せん
あと相手もプレイ(2か3で異なると思うが)主よりかは下手",,,,
ak6HXB6--HM,UgzTsNu3XhcDpiW06R94AaABAg.9vbY65uVtW_A63gy4eH8tC,UgzTsNu3XhcDpiW06R94AaABAg,UgzTsNu3XhcDpiW06R94AaABAg,1,@q2uz,2024-07-19T07:57:21Z,2024-07-19T07:57:21Z,0,それな主下手,,,,
ak6HXB6--HM,UgxhIAN6cjMVkxeUuDZ4AaABAg,,UgxhIAN6cjMVkxeUuDZ4AaABAg,0,@N111_.-,2023-10-05T01:34:02Z,2023-10-05T01:34:02Z,27,この人根はいい子なんやろうな,,,,
ak6HXB6--HM,UgxhIAN6cjMVkxeUuDZ4AaABAg.9vTR9dXY3DbALkdhScPzpl,UgxhIAN6cjMVkxeUuDZ4AaABAg,UgxhIAN6cjMVkxeUuDZ4AaABAg,1,@ティナ-p8v,2025-08-13T05:26:21Z,2025-08-13T05:26:21Z,1,ネタに付き合ってくれてるんだろうな,,,,
ak6HXB6--HM,UgxhIAN6cjMVkxeUuDZ4AaABAg.9vTR9dXY3DbANNq5ZBSnTN,UgxhIAN6cjMVkxeUuDZ4AaABAg,UgxhIAN6cjMVkxeUuDZ4AaABAg,1,@tテー,2025-09-22T16:35:40Z,2025-09-22T16:35:40Z,0,​@ティナ-p8vけどインド的にまわしたからもうこいつ️⭕️んでるよ,,,,
ak6HXB6--HM,UgxQpn2yvn76fURVdGJ4AaABAg,,UgxQpn2yvn76fURVdGJ4AaABAg,0,@naransuuhorchinshongher,2023-10-03T08:57:08Z,2023-10-03T08:57:08Z,2,マイクラじゃないやんw,,,,
ak6HXB6--HM,UgyJnbrcOhb9unyuVPt4AaABAg,,UgyJnbrcOhb9unyuVPt4AaABAg,0,@Moff_198,2023-09-24T13:22:18Z,2023-09-24T13:22:18Z,25,"うp主さん、相手から0,0001％の勝利掴みとったの凄いww",,,,
ak6HXB6--HM,UgwtIhBNAy4sIw0xZjt4AaABAg,,UgwtIhBNAy4sIw0xZjt4AaABAg,0,@家藤原-i6q,2023-09-22T23:35:21Z,2023-09-22T23:35:21Z,1,あとしょしんしゃのふりとしてはにしてはうまいｗ,,,,
ak6HXB6--HM,UgzShLnoIPNrbgckmVp4AaABAg,,UgzShLnoIPNrbgckmVp4AaABAg,0,@家藤原-i6q,2023-09-22T23:32:35Z,2023-09-22T23:32:34Z,1,俺より弱いｗｗ,,,,
ak6HXB6--HM,UgzkI-szoVghOSTu_UB4AaABAg,,UgzkI-szoVghOSTu_UB4AaABAg,0,@maso-m5w,2023-09-21T04:14:57Z,2023-09-21T04:14:57Z,0,なめてんがのところw,,,,
ak6HXB6--HM,UgzjVXiDxTQAt0hqL_l4AaABAg,,UgzjVXiDxTQAt0hqL_l4AaABAg,0,@moon74319,2023-09-18T09:14:31Z,2023-09-18T09:14:31Z,1,"めちゃスカッとしますね👍
ストレス吹き飛ぶなぁ。しっかり土下座の写真送るのは偉いねwww",,,,
ak6HXB6--HM,UgxMhueIXcaLJI-7uwp4AaABAg,,UgxMhueIXcaLJI-7uwp4AaABAg,0,@赤トンボ-b9d,2023-09-18T04:47:52Z,2023-09-18T04:47:52Z,0,いい、イキリキッズw,,,,
ak6HXB6--HM,Ugxn_5T2XBW2KP3Bsu14AaABAg,,Ugxn_5T2XBW2KP3Bsu14AaABAg,0,@kaiyuria,2023-09-15T09:02:52Z,2023-09-15T09:02:52Z,1,雑魚がよって言ってるけど雑魚はテメェだよ,,,,
ak6HXB6--HM,Ugxn_5T2XBW2KP3Bsu14AaABAg.9ufjcSjhpNZ9vimY1-smGd,Ugxn_5T2XBW2KP3Bsu14AaABAg,Ugxn_5T2XBW2KP3Bsu14AaABAg,1,@PRIN1235,2023-10-11T09:57:27Z,2023-10-11T09:57:27Z,2,うわぁ,,,,
ak6HXB6--HM,UgzMuY2TFqvRNgbGZMJ4AaABAg,,UgzMuY2TFqvRNgbGZMJ4AaABAg,0,@kawaii超てん,2023-09-15T00:00:43Z,2023-09-15T00:00:42Z,2,この後泣いてそう｡ °(°´ᯅ`°)° ｡,,,,
ak6HXB6--HM,UgzN3sgIe1bT3jBl6_x4AaABAg,,UgzN3sgIe1bT3jBl6_x4AaABAg,0,@user-xf7jt5ui5i,2023-09-13T07:49:28Z,2023-09-13T07:49:27Z,0,やらせ丸出し,,,,
ak6HXB6--HM,Ugwxtuj6rbMLGXLp_pZ4AaABAg,,Ugwxtuj6rbMLGXLp_pZ4AaABAg,0,@Sa_tuki.No5.117,2023-09-12T11:51:31Z,2023-09-12T11:51:31Z,0,最初だけ、初心者のふりかは、しらんけど、弱いやつ倒していきってるやつって大体雑魚だからなぁ,,,,
ak6HXB6--HM,UgxIbEGw2Ktq3kxxMGB4AaABAg,,UgxIbEGw2Ktq3kxxMGB4AaABAg,0,@user-narusa-scarlet,2023-09-12T02:12:07Z,2023-09-12T02:12:07Z,0,イカ速積んでないのに雷神ステップは笑う,,,,
ak6HXB6--HM,Ugwojs9Sj3GQkyvwlyF4AaABAg,,Ugwojs9Sj3GQkyvwlyF4AaABAg,0,@間田-z3q,2023-09-11T06:14:32Z,2023-09-11T06:14:32Z,1,これ、名前インド死んでしまえはやばいwww世界の国々大損害では済まない,,,,
ak6HXB6--HM,Ugykgz_qGis6InLknk94AaABAg,,Ugykgz_qGis6InLknk94AaABAg,0,@ボスベイビー-m7l,2023-09-09T05:13:17Z,2023-09-09T05:13:17Z,2,多ぶん僕だったら26キルする,,,,
ak6HXB6--HM,Ugykgz_qGis6InLknk94AaABAg.9uQs_cuxiLEA3hVMhqZSnE,Ugykgz_qGis6InLknk94AaABAg,Ugykgz_qGis6InLknk94AaABAg,1,@rererere1856,2024-05-21T14:41:56Z,2024-05-21T14:41:56Z,0,かっこよ,,,,
ak6HXB6--HM,Ugwpo74rFcu9ueU8py54AaABAg,,Ugwpo74rFcu9ueU8py54AaABAg,0,@三日月-r8s,2023-09-08T14:27:58Z,2023-09-08T14:27:58Z,2,ジャイロの方がもっと強くなれると思います,,,,
ak6HXB6--HM,UgyNbscGc-WMaLwlpEZ4AaABAg,,UgyNbscGc-WMaLwlpEZ4AaABAg,0,@三日月-r8s,2023-09-08T14:26:44Z,2023-09-08T14:26:43Z,0,うちはよゅうでこいつぼこせるしこいつよわすぎ😂wwwwwwちなみにいんどのほう,,,,
ak6HXB6--HM,UgylahjwLwM5yRYb8u14AaABAg,,UgylahjwLwM5yRYb8u14AaABAg,0,@Unforgettablene,2023-09-08T10:45:04Z,2023-09-08T10:45:04Z,0,安定のガビガビのアナウンサー声みたいなのおもろ,,,,
ak6HXB6--HM,UgzuVP02tdqjjk_ankF4AaABAg,,UgzuVP02tdqjjk_ankF4AaABAg,0,@ベガサポ-s4c,2023-09-08T09:26:55Z,2023-09-08T09:26:55Z,0,"いんどしんでまえさん自信あって僕より弱いのは草
ぼくもイきんないようにします（当たり前）",,,,
ak6HXB6--HM,UgzxWtFOoUOomZVx0wh4AaABAg,,UgzxWtFOoUOomZVx0wh4AaABAg,0,@hidesiyoo,2023-09-03T05:55:11Z,2023-09-03T05:55:11Z,0,残念、チャンネル登録消したwwwwwwwwwwwwwwwwwwwwwwwwwwww,,,,
ak6HXB6--HM,Ugxf9wNu69wDr6CjyFl4AaABAg,,Ugxf9wNu69wDr6CjyFl4AaABAg,0,@Teruregummi,2023-09-01T13:41:15Z,2023-09-01T13:41:15Z,1,プロだすごい本気モード強いね,,,,
ak6HXB6--HM,UgzGt3FmzYK7C_x6VUB4AaABAg,,UgzGt3FmzYK7C_x6VUB4AaABAg,0,@ヤニ,2023-09-01T12:33:20Z,2023-09-01T12:33:20Z,1,スプラならワンチャン勝てそう,,,,
ak6HXB6--HM,UgxnrzIMX7r-dCGbHNh4AaABAg,,UgxnrzIMX7r-dCGbHNh4AaABAg,0,@user-oz2zd6cq9n,2023-09-01T10:47:24Z,2023-09-01T10:47:24Z,1,チートじゃないのね,,,,
ak6HXB6--HM,UgyAy-SkN7ob_AzQFPZ4AaABAg,,UgyAy-SkN7ob_AzQFPZ4AaABAg,0,@ch-cp8sj,2023-08-31T06:39:29Z,2023-08-31T06:39:29Z,1,迎えいくんでしょ？,,,,
ak6HXB6--HM,UgxJ7b3urqqiLHwrDA14AaABAg,,UgxJ7b3urqqiLHwrDA14AaABAg,0,@TOHU27221,2023-08-31T03:48:09Z,2023-08-31T03:48:20Z,183,ちゃんと土下座するのクソ素直で可愛い,,,,
ak6HXB6--HM,UgxJ7b3urqqiLHwrDA14AaABAg.9u3YgJWBzCO9vyCCVNmgop,UgxJ7b3urqqiLHwrDA14AaABAg,UgxJ7b3urqqiLHwrDA14AaABAg,1,@おさけのみたいーーーー,2023-10-17T09:39:03Z,2023-10-17T09:39:03Z,5,草🌱,,,,
ak6HXB6--HM,UgxJ7b3urqqiLHwrDA14AaABAg.9u3YgJWBzCO9zTPaa09_fL,UgxJ7b3urqqiLHwrDA14AaABAg,UgxJ7b3urqqiLHwrDA14AaABAg,1,@666-s6e1y,2024-01-12T11:25:57Z,2024-01-12T11:25:57Z,15,マイクラのくそがきとは違うw,,,,
ak6HXB6--HM,UgxJ7b3urqqiLHwrDA14AaABAg.9u3YgJWBzCOAC37sB4fHXK,UgxJ7b3urqqiLHwrDA14AaABAg,UgxJ7b3urqqiLHwrDA14AaABAg,1,@翔-e8j,2024-12-15T05:50:20Z,2024-12-15T05:50:20Z,1,おい笑える(^o^)／,,,,
ak6HXB6--HM,UgxJ7b3urqqiLHwrDA14AaABAg.9u3YgJWBzCOAC37txcjzQL,UgxJ7b3urqqiLHwrDA14AaABAg,UgxJ7b3urqqiLHwrDA14AaABAg,1,@翔-e8j,2024-12-15T05:50:34Z,2024-12-15T05:50:34Z,1,​@666-s6e1yそれはそう,,,,
ak6HXB6--HM,UgxJ7b3urqqiLHwrDA14AaABAg.9u3YgJWBzCOAItZgGKkbyd,UgxJ7b3urqqiLHwrDA14AaABAg,UgxJ7b3urqqiLHwrDA14AaABAg,1,@ホープ-v3j,2025-06-03T03:01:29Z,2025-06-03T03:01:29Z,0,リアルで中学〜高校あたりでカツアゲ簡単にされてそうに見えてきますわね😂,,,,
ak6HXB6--HM,UgxLVChbO2RWAfzm-ZZ4AaABAg,,UgxLVChbO2RWAfzm-ZZ4AaABAg,0,@きつね-x4z,2023-08-30T14:18:49Z,2023-08-30T14:18:49Z,0,aaaaaaaaa,,,,
ak6HXB6--HM,UgxTCYkwS0KTYKnMIOl4AaABAg,,UgxTCYkwS0KTYKnMIOl4AaABAg,0,@きつね-x4z,2023-08-30T14:15:43Z,2023-08-30T14:15:43Z,0,なんかしたか？あらしたった,,,,
ak6HXB6--HM,UgzpTv4nkGTZSRKO8DV4AaABAg,,UgzpTv4nkGTZSRKO8DV4AaABAg,0,@きつね-x4z,2023-08-30T14:14:48Z,2023-08-30T14:14:47Z,0,たしかに,,,,
ak6HXB6--HM,UgyAKW0tJcBTyit4fep4AaABAg,,UgyAKW0tJcBTyit4fep4AaABAg,0,@悪魔のレモン,2023-08-29T02:29:09Z,2023-08-29T02:29:09Z,0,黒ザップ選ぶのはいいセンスや,,,,
ak6HXB6--HM,UgzZ_jRZdTkOdil-qTh4AaABAg,,UgzZ_jRZdTkOdil-qTh4AaABAg,0,@のり-s1u5i,2023-08-28T13:39:55Z,2023-08-28T13:39:55Z,0,こんな性格やからいじられてんねんやろwwwww,,,,
ak6HXB6--HM,Ugzc0ueoSgxzSMjUdPd4AaABAg,,Ugzc0ueoSgxzSMjUdPd4AaABAg,0,@ToothlessSVMJ,2023-08-27T15:07:34Z,2023-08-27T15:07:33Z,4,煽ってる方AIMあってないしスシコラに対してザップ持ってきてるしすぐ敵見逃すし、ダメだね、この子は,,,,
ak6HXB6--HM,UgyubgHmzrhsKsibMlN4AaABAg,,UgyubgHmzrhsKsibMlN4AaABAg,0,@kingsans3633,2023-08-26T06:21:18Z,2023-08-26T06:21:18Z,78,ほんとはいい子なはず…と信じたい,,,,
ak6HXB6--HM,UgyDpVfY2LAstROfLuR4AaABAg,,UgyDpVfY2LAstROfLuR4AaABAg,0,@focaccia-str,2023-08-26T05:14:41Z,2023-08-26T05:14:40Z,1,なんだよサーマルインクってwww,,,,
ak6HXB6--HM,Ugw6LGxJZSNkCz-o0Bh4AaABAg,,Ugw6LGxJZSNkCz-o0Bh4AaABAg,0,@シエスタ-t3z,2023-08-25T23:02:43Z,2023-08-25T23:02:43Z,1,ちゃんと写真送ってててわろた,,,,
ak6HXB6--HM,UgzjWfKLWMCVx0289ox4AaABAg,,UgzjWfKLWMCVx0289ox4AaABAg,0,@ミズダコさん,2023-08-24T16:30:15Z,2023-08-24T16:30:54Z,13,"最初からスシは殺意マックスで草
相手もザップなのなかなかマジで草",,,,
ak6HXB6--HM,Ugwh9oDfuz-Vp8Mexvp4AaABAg,,Ugwh9oDfuz-Vp8Mexvp4AaABAg,0,@モーミン,2023-08-19T05:36:50Z,2023-08-19T05:36:50Z,56,「舐めTENGA」と「ポケカ」面白すぎる,,,,
ak6HXB6--HM,UgzMCvs9K8CPQ1Urrkp4AaABAg,,UgzMCvs9K8CPQ1Urrkp4AaABAg,0,@けんたろ-y5j,2023-08-17T22:21:24Z,2023-08-17T22:22:35Z,0,いちいちヨイショ〜って言うやつキメー😂本気出すまでもないくらいの弱さw,,,,
ak6HXB6--HM,UgzGuGBkbgHeuAilQjF4AaABAg,,UgzGuGBkbgHeuAilQjF4AaABAg,0,@しーくん-p8l,2023-08-17T12:32:06Z,2023-08-17T12:32:06Z,2,ガキは大人に勝てないってことがわかった,,,,
ak6HXB6--HM,Ugwz9dZ988IzOcNHNsZ4AaABAg,,Ugwz9dZ988IzOcNHNsZ4AaABAg,0,@みかんchdayo,2023-08-12T14:53:52Z,2023-08-12T14:53:52Z,0,初心者のフリ中倒してて草,,,,
ak6HXB6--HM,Ugw5HIpqUVucjVJw-rZ4AaABAg,,Ugw5HIpqUVucjVJw-rZ4AaABAg,0,@ザキット,2023-08-12T03:42:58Z,2023-08-12T03:42:58Z,0,こいつイジられてるとか言っとったけど不登校にはなって欲しくないな...,,,,
ak6HXB6--HM,UgyeRSwXe3cVdyMrrqp4AaABAg,,UgyeRSwXe3cVdyMrrqp4AaABAg,0,@Idezu_dezudezu,2023-08-10T04:53:27Z,2023-08-10T04:53:27Z,0,"イキってる奴ほど弱い。
ラグのせいにしたり「今日は調子悪い」とか言うんだよなぁ。",,,,
ak6HXB6--HM,UgwvkG7cwCqtnk7a3Vx4AaABAg,,UgwvkG7cwCqtnk7a3Vx4AaABAg,0,@th_0808,2023-08-08T03:24:59Z,2023-08-08T03:24:59Z,5,ストレス解消のためにスプラやるのは草,,,,
ak6HXB6--HM,UgzqcNGQzqPx3FMe3m14AaABAg,,UgzqcNGQzqPx3FMe3m14AaABAg,0,@DATYURI,2023-08-08T01:53:32Z,2023-08-08T01:53:32Z,0,ちょっとかわいいなw,,,,
ak6HXB6--HM,UgweP6bXYCk9hKLBLOF4AaABAg,,UgweP6bXYCk9hKLBLOF4AaABAg,0,@萩野亜樹子,2023-08-02T01:31:55Z,2023-08-02T01:31:55Z,0,いっしょにやりたいです,,,,
ak6HXB6--HM,UgzGt7L5fuB_RintOQd4AaABAg,,UgzGt7L5fuB_RintOQd4AaABAg,0,@ペンギン推しのしまえなが,2023-07-31T23:54:00Z,2023-07-31T23:54:00Z,0,"俺世界一位だからタイマンしてやるよ
雑魚がww",,,,
ak6HXB6--HM,UgzGt7L5fuB_RintOQd4AaABAg.9sqt227fH9h9sqt6cc3NXf,UgzGt7L5fuB_RintOQd4AaABAg,UgzGt7L5fuB_RintOQd4AaABAg,1,@ペンギン推しのしまえなが,2023-07-31T23:54:37Z,2023-07-31T23:54:37Z,0,スプラ3で勝負しろ,,,,
ak6HXB6--HM,UgzGt7L5fuB_RintOQd4AaABAg.9sqt227fH9h9stbcDa_rEN,UgzGt7L5fuB_RintOQd4AaABAg,UgzGt7L5fuB_RintOQd4AaABAg,1,@たぬき-たぬき,2023-08-02T01:19:30Z,2023-08-02T01:19:30Z,1,いや草,,,,
ak6HXB6--HM,UgzGt7L5fuB_RintOQd4AaABAg.9sqt227fH9h9ytDuzvnqpT,UgzGt7L5fuB_RintOQd4AaABAg,UgzGt7L5fuB_RintOQd4AaABAg,1,@ペンギン推しのしまえなが,2023-12-29T00:51:59Z,2023-12-29T00:51:59Z,0,まぁ嘘だから,,,,
ak6HXB6--HM,UgzGt7L5fuB_RintOQd4AaABAg.9sqt227fH9h9ytDygorggz,UgzGt7L5fuB_RintOQd4AaABAg,UgzGt7L5fuB_RintOQd4AaABAg,1,@ペンギン推しのしまえなが,2023-12-29T00:52:29Z,2023-12-29T00:52:29Z,0,"勝負したいのはほんとやで
それかサモラン一緒にやりたいねんな",,,,
ak6HXB6--HM,UgzGt7L5fuB_RintOQd4AaABAg.9sqt227fH9h9ytE1s3bjbn,UgzGt7L5fuB_RintOQd4AaABAg,UgzGt7L5fuB_RintOQd4AaABAg,1,@ペンギン推しのしまえなが,2023-12-29T00:53:04Z,2023-12-29T00:53:04Z,1,世界一位は草当時の自分おもんな。,,,,
ak6HXB6--HM,UgzddiHkdxYUyHx0U_N4AaABAg,,UgzddiHkdxYUyHx0U_N4AaABAg,0,@ショーン-r3s,2023-07-31T03:41:43Z,2023-07-31T03:41:43Z,0,こいつがXなら全員Xなってるぞ俺は2900あるぞ,,,,
ak6HXB6--HM,UgwTxc_yhXtcqXN-4-d4AaABAg,,UgwTxc_yhXtcqXN-4-d4AaABAg,0,@cute3girl45,2023-07-29T17:47:16Z,2023-07-29T17:47:16Z,4,土下座の写真……土下座ってなにかわかるぅぅぅぅ？あんな手はなぁ開かないんだよ！手でさんかくを作ってこそ土下座なんだよぉぉお？(・д・)ﾁｯ,,,,
ak6HXB6--HM,UgwkL0oOnZz-__BSvFB4AaABAg,,UgwkL0oOnZz-__BSvFB4AaABAg,0,@誰やねん-p1v9j,2023-07-28T04:18:43Z,2023-07-28T04:18:43Z,0,ガキはねぇAPEXというのをやると上手くなるんだよ,,,,
ak6HXB6--HM,UgzAeBXOsRJd-ffpi7F4AaABAg,,UgzAeBXOsRJd-ffpi7F4AaABAg,0,@genmaihoushi,2023-07-27T18:23:54Z,2023-07-27T18:23:54Z,0,約束守ってんの偉い👏,,,,
ak6HXB6--HM,UgzmPu6vmRwQGA5fwjp4AaABAg,,UgzmPu6vmRwQGA5fwjp4AaABAg,0,@haha-n8q3c,2023-07-16T22:15:29Z,2023-07-16T22:15:29Z,1,編集好き,,,,
ak6HXB6--HM,Ugxw4dEPhwtq6bAHSyF4AaABAg,,Ugxw4dEPhwtq6bAHSyF4AaABAg,0,@人間-0818,2023-07-12T07:49:41Z,2023-07-12T07:49:41Z,37,ちゃんと謝罪して土下座の写真送ってるからこの子は確実にいい子,,,,
ak6HXB6--HM,Ugxw4dEPhwtq6bAHSyF4AaABAg.9s3E_beq-Ee9srU6S1ENaa,Ugxw4dEPhwtq6bAHSyF4AaABAg,Ugxw4dEPhwtq6bAHSyF4AaABAg,1,@デデデ大王非公式,2023-08-01T05:26:38Z,2023-08-01T05:26:38Z,13,"社会に認められなかっただけで根はいい子なんだろうね
すっげぇ下手だったけども",,,,
ak6HXB6--HM,Ugxw4dEPhwtq6bAHSyF4AaABAg.9s3E_beq-Ee9syiYDKUqmh,Ugxw4dEPhwtq6bAHSyF4AaABAg,Ugxw4dEPhwtq6bAHSyF4AaABAg,1,@あとむむむむ,2023-08-04T00:56:11Z,2023-08-04T00:56:11Z,11,著作権がない画像としても、ただの土下座写真を横流ししているだけ,,,,
ak6HXB6--HM,UgzHRPEFGHAgMeZZWA14AaABAg,,UgzHRPEFGHAgMeZZWA14AaABAg,0,@ポテチ-h7i,2023-07-11T12:51:50Z,2023-07-11T12:51:50Z,0,よくそれでタイマン申し込んだな,,,,
ak6HXB6--HM,UgxG8LJ-_N_pk6RJeX14AaABAg,,UgxG8LJ-_N_pk6RJeX14AaABAg,0,@jgjggj,2023-07-08T14:04:56Z,2023-07-08T14:04:56Z,0,死体撃ちしてて草w,,,,
ak6HXB6--HM,Ugw9zRAL8zV2KXO4l5R4AaABAg,,Ugw9zRAL8zV2KXO4l5R4AaABAg,0,@うおwwwwww,2023-07-07T15:34:30Z,2023-07-07T15:34:30Z,0,土下座の写真ロイchで草,,,,
ak6HXB6--HM,Ugwzi6QHbc9bYkc2WVJ4AaABAg,,Ugwzi6QHbc9bYkc2WVJ4AaABAg,0,@すしぴよこ,2023-07-06T10:03:42Z,2023-07-06T10:03:42Z,0,なんかかわいそう,,,,
ak6HXB6--HM,Ugx1SCMjchmsAFTtVDd4AaABAg,,Ugx1SCMjchmsAFTtVDd4AaABAg,0,@コウリョウo2w,2023-07-02T13:31:52Z,2023-07-02T13:31:52Z,0,なんかぱいなぽーに声似てるな,,,,
ak6HXB6--HM,Ugx1SCMjchmsAFTtVDd4AaABAg.9rf5n5Mblle9tZHGbbeBIL,Ugx1SCMjchmsAFTtVDd4AaABAg,Ugx1SCMjchmsAFTtVDd4AaABAg,1,@3342-wf5gr,2023-08-18T15:00:15Z,2023-08-18T15:00:15Z,1,にてねーわ,,,,
ak6HXB6--HM,UgzJYBG84BTvq-P2GAV4AaABAg,,UgzJYBG84BTvq-P2GAV4AaABAg,0,@顧華幸羅コカコーラ,2023-07-01T08:05:16Z,2023-07-01T08:05:16Z,0,ポケカ好きだねぇww,,,,
ak6HXB6--HM,Ugz3__CuimD0SQsacy14AaABAg,,Ugz3__CuimD0SQsacy14AaABAg,0,@RUNPAPPA365,2023-06-28T03:18:59Z,2023-06-28T03:18:59Z,4,ヤラセ動画を久しぶりに見に来たけど、つまんね,,,,
ak6HXB6--HM,Ugz3__CuimD0SQsacy14AaABAg.9rUhThWXJWG9re5bfA4414,Ugz3__CuimD0SQsacy14AaABAg,Ugz3__CuimD0SQsacy14AaABAg,1,@Noyzrk,2023-07-02T04:11:04Z,2023-07-02T04:11:04Z,1,つまんないなら見んなよ障gai者🤣🤣🤣,,,,
ak6HXB6--HM,Ugz3__CuimD0SQsacy14AaABAg.9rUhThWXJWG9sG7Ql27ska,Ugz3__CuimD0SQsacy14AaABAg,Ugz3__CuimD0SQsacy14AaABAg,1,@wakarumannnnnnnnnnn,2023-07-17T07:57:18Z,2024-06-18T04:23:17Z,3,​@Noyzrk　自己紹介どもー,,,,
ak6HXB6--HM,Ugz9RLQeLg63Y8H6X8h4AaABAg,,Ugz9RLQeLg63Y8H6X8h4AaABAg,0,@ごりら-j3k,2023-06-27T16:42:49Z,2023-06-27T16:42:49Z,6,この人スプラトゥーンも上手いとかすげぇな,,,,
ak6HXB6--HM,UgzMv-rYfqQPjZXqxmt4AaABAg,,UgzMv-rYfqQPjZXqxmt4AaABAg,0,@マスタミラー,2023-06-26T09:49:08Z,2023-06-26T09:49:08Z,0,ラグと言い訳するキッズww,,,,
ak6HXB6--HM,UgzTKDFzFwg-cVkM8QV4AaABAg,,UgzTKDFzFwg-cVkM8QV4AaABAg,0,@S.enanan0430,2023-06-26T08:44:33Z,2023-06-26T08:44:33Z,0,"相手の人ギアが雑魚の特徴で草
とりあえず1.3と揃ってるギア使うのは意味ない笑",,,,
ak6HXB6--HM,UgzQ-CTDdVSiSiklzm54AaABAg,,UgzQ-CTDdVSiSiklzm54AaABAg,0,@及川一弥,2023-06-24T06:11:31Z,2023-06-24T06:11:31Z,2,スプラトゥーン3であおられたら、端末でバトルの記録？みたいなとこで、−ボタンで、通報したほうがいいです！(任天堂スイッチ),,,,
ak6HXB6--HM,UgzMQD2mhzyjFP2nMwV4AaABAg,,UgzMQD2mhzyjFP2nMwV4AaABAg,0,@mfiyte735kvx,2023-06-21T05:43:19Z,2023-06-21T05:43:19Z,0,拗れてるだけで、何だかんだ楽しかったんじゃないか？ww,,,,
ak6HXB6--HM,UgwAYxqENPn46NOOP714AaABAg,,UgwAYxqENPn46NOOP714AaABAg,0,@orange1031h,2023-06-19T13:23:50Z,2023-06-19T13:23:50Z,1,俺よりも下手すぎて草( ᐛ )‪𐤔,,,,
ak6HXB6--HM,Ugy_MkvWbV6WTH11EBB4AaABAg,,Ugy_MkvWbV6WTH11EBB4AaABAg,0,@satokohoshi5852,2023-06-12T07:56:10Z,2023-06-12T07:56:10Z,0,これはきもｔｔｔｔｔｔｔｔｔｔｔｔｔｔｔｔｔｔｔっちいですねえ～,,,,
ak6HXB6--HM,UgzV5tfk3XhIwqy_Z8B4AaABAg,,UgzV5tfk3XhIwqy_Z8B4AaABAg,0,@kyui._.13,2023-06-11T15:13:46Z,2023-06-11T15:13:46Z,1,相手が勝てるように手抜いて上げてるの優しい😊,,,,
ak6HXB6--HM,UgzZakiUh6c4am2Tdr14AaABAg,,UgzZakiUh6c4am2Tdr14AaABAg,0,@ピンクボール-m4y,2023-06-06T21:12:06Z,2023-06-06T21:12:06Z,8,自分が負けだしたら「ラグ」ってスプラ逃避してて草w,,,,
ak6HXB6--HM,UgyOhNqj7b-9GTbPgzV4AaABAg,,UgyOhNqj7b-9GTbPgzV4AaABAg,0,@kumasann06,2023-06-05T09:25:08Z,2023-06-05T09:25:08Z,0,ナイス〜❤🎉,,,,
ak6HXB6--HM,UgyGDJndX3vZPOUmbst4AaABAg,,UgyGDJndX3vZPOUmbst4AaABAg,0,@ビョリ-o1c,2023-06-05T09:18:45Z,2023-06-05T09:18:45Z,116,土下座しちゃうとこから断れなくていじられてるのが目に浮かぶ...😊,,,,
ak6HXB6--HM,Ugx5CURsYMUp-dDs3Lp4AaABAg,,Ugx5CURsYMUp-dDs3Lp4AaABAg,0,@応力に耐えるポリマー,2023-06-03T18:19:01Z,2023-06-03T18:19:01Z,24,イキリ方がかわいすぎて思わずニヤニヤしちゃう,,,,
ak6HXB6--HM,UgzxFGWuHuEMphqvvbZ4AaABAg,,UgzxFGWuHuEMphqvvbZ4AaABAg,0,@及川一弥,2023-06-03T15:32:20Z,2023-06-03T15:32:20Z,0,煽られたらロビーで通報したほうがいいのでは？,,,,
ak6HXB6--HM,Ugwm2B2hbNk_mXsHAc54AaABAg,,Ugwm2B2hbNk_mXsHAc54AaABAg,0,@奏莉-b2n,2023-06-03T10:15:36Z,2023-06-03T10:15:36Z,2,10:45 ここ、見てるだけで気持ちいいんだが？w,,,,
ak6HXB6--HM,UgxOim5d4YuwwZsyczN4AaABAg,,UgxOim5d4YuwwZsyczN4AaABAg,0,@nagomi2025,2023-06-03T07:11:18Z,2023-06-03T07:11:18Z,0,こいつがプロゲーマーだったら自分は神なんか,,,,
ak6HXB6--HM,Ugz96zQvMWXQtAtnHVR4AaABAg,,Ugz96zQvMWXQtAtnHVR4AaABAg,0,@おく-p7s,2023-06-01T09:36:24Z,2023-06-01T09:36:24Z,0,最初字間違ってるの草ｗｗｗ,,,,
ak6HXB6--HM,UgwS8Q-P-OwSc5CZDBN4AaABAg,,UgwS8Q-P-OwSc5CZDBN4AaABAg,0,@けんチャンネル-x4v,2023-06-01T06:35:38Z,2023-06-01T06:35:38Z,1,自分学校いってるけどこのイキリよりは断然強い自信ある、,,,,
ak6HXB6--HM,Ugw6J5GMcftz5Qn0nRN4AaABAg,,Ugw6J5GMcftz5Qn0nRN4AaABAg,0,@hman8049,2023-05-30T17:41:36Z,2023-05-30T17:41:36Z,0,久しぶりの投稿ですね。,,,,
ak6HXB6--HM,UgyuAOA84J3AixbD8QV4AaABAg,,UgyuAOA84J3AixbD8QV4AaABAg,0,@saruさるさ,2023-05-30T10:42:42Z,2023-05-30T10:42:42Z,0,生きてる！？、？！,,,,
ak6HXB6--HM,UgxKnT8gFmH6kGoWrgB4AaABAg,,UgxKnT8gFmH6kGoWrgB4AaABAg,0,@sasimi000,2023-05-30T07:20:03Z,2023-05-30T07:20:03Z,0,"黒ザップにサブインク効率1.3は馬鹿だろw





黒ザップあんま使ってないからｼﾗﾝｹﾄﾞ",,,,
ak6HXB6--HM,UgxKnT8gFmH6kGoWrgB4AaABAg.9qKT-rqJmYU9qPYDEYn384,UgxKnT8gFmH6kGoWrgB4AaABAg,UgxKnT8gFmH6kGoWrgB4AaABAg,1,@けんチャンネル-x4v,2023-06-01T06:41:45Z,2023-06-01T06:41:45Z,0,ボムで牽制しながら闘うから人はいいと思う,,,,
ak6HXB6--HM,Ugw-FqGFX8DjvLfhOsV4AaABAg,,Ugw-FqGFX8DjvLfhOsV4AaABAg,0,@フェンリル-y6t,2023-05-28T14:47:24Z,2023-05-28T14:47:24Z,0,クソガキは成敗!,,,,
ak6HXB6--HM,UgwnRtEt0aX5RTf0R0V4AaABAg,,UgwnRtEt0aX5RTf0R0V4AaABAg,0,@aiueo12-u2z,2023-05-28T11:07:50Z,2023-05-28T11:07:50Z,0,フォートナイトかマイクラみたいです,,,,
ak6HXB6--HM,UgzsDw_mLc9-WkHrNYB4AaABAg,,UgzsDw_mLc9-WkHrNYB4AaABAg,0,@暇人-f7z,2023-05-28T07:17:52Z,2023-05-28T07:17:52Z,0,相手雑魚😂,,,,
ak6HXB6--HM,UgwA1exWocwopqnyeKV4AaABAg,,UgwA1exWocwopqnyeKV4AaABAg,0,@zora_anosi,2023-05-28T02:23:41Z,2023-05-28T02:23:41Z,0,イキってるやつはそこまで上手くないこれ常識かー,,,,
ak6HXB6--HM,UgwEAUgi0TItV1CyxTR4AaABAg,,UgwEAUgi0TItV1CyxTR4AaABAg,0,@NianeaJP,2023-05-28T02:06:42Z,2023-05-28T02:06:42Z,16,久しぶりに見に来たけどスプラトゥーン３やってたんだ！スプラトゥーン好きだからこれは嬉しい！,,,,
ak6HXB6--HM,Ugy52wCczerI9_ntdmJ4AaABAg,,Ugy52wCczerI9_ntdmJ4AaABAg,0,@kami-ryoiki,2023-05-28T01:51:21Z,2023-05-28T01:51:21Z,0,キッズは大人しくしゅーたくんでも見とけ,,,,
ak6HXB6--HM,Ugy52wCczerI9_ntdmJ4AaABAg.9qEindKQBEJ9t38RPGQuoS,Ugy52wCczerI9_ntdmJ4AaABAg,Ugy52wCczerI9_ntdmJ4AaABAg,1,@lyyaade,2023-08-06T03:27:23Z,2023-08-06T03:27:23Z,3,しゅーたはゴミだろ ゲーム以外出来なさそうw,,,,
ak6HXB6--HM,UgzXmQF9vlltiZNgVBB4AaABAg,,UgzXmQF9vlltiZNgVBB4AaABAg,0,@selectAbutton,2023-05-27T18:27:23Z,2023-05-27T18:27:23Z,0,"性格がひん曲がった奴は弱い。
それが世の理。",,,,
ak6HXB6--HM,Ugwaj6wXFSCLgXhsPy54AaABAg,,Ugwaj6wXFSCLgXhsPy54AaABAg,0,@ちゃんサブ-o4b,2023-05-27T18:19:08Z,2023-05-28T12:12:51Z,0,"(キッズさん)クソ下手じゃないすか
cｰ？

言葉足らずだったので修正",,,,
ak6HXB6--HM,Ugwaj6wXFSCLgXhsPy54AaABAg.9qDv2XXBkJq9qFp3Q5bGE6,Ugwaj6wXFSCLgXhsPy54AaABAg,Ugwaj6wXFSCLgXhsPy54AaABAg,1,@マイケル松木,2023-05-28T12:05:18Z,2023-05-28T12:05:18Z,0,は？,,,,
ak6HXB6--HM,UgwHtgCyP-M3ydXZjs14AaABAg,,UgwHtgCyP-M3ydXZjs14AaABAg,0,@ドラクエ大好き,2023-05-27T16:05:43Z,2023-05-27T16:05:43Z,12,"まだ、このチャンネル生きてた！
嬉しい！三年前に知ってからかなり経ってたので良かったです。",,,,
ak6HXB6--HM,Ugx-C6bxCp0ollZZKdR4AaABAg,,Ugx-C6bxCp0ollZZKdR4AaABAg,0,@ぶらっきー-z3t,2023-05-27T13:06:17Z,2023-05-27T13:06:17Z,0,プロゲーマーにしてはカスみたいな弱いギアで草,,,,
ak6HXB6--HM,Ugx2IfNStbrYS4p0WkV4AaABAg,,Ugx2IfNStbrYS4p0WkV4AaABAg,0,@anon_chiri,2023-05-27T12:44:47Z,2023-05-27T12:44:47Z,0,毎回おいしょ言ってて草,,,,
ak6HXB6--HM,UgxWOGWTQbF1nhVkWml4AaABAg,,UgxWOGWTQbF1nhVkWml4AaABAg,0,@クルトン-p4f,2023-05-27T06:50:48Z,2023-05-27T06:50:48Z,7,約束は守るいいやつ,,,,
ak6HXB6--HM,Ugx1yc_aPiU_OQ3e6EB4AaABAg,,Ugx1yc_aPiU_OQ3e6EB4AaABAg,0,@soli8604,2023-05-27T05:09:54Z,2023-05-27T05:09:54Z,3,ちゃんと土下座してて偉いやん,,,,
ak6HXB6--HM,UgzTHa73w9GPaiFlPN94AaABAg,,UgzTHa73w9GPaiFlPN94AaABAg,0,@Digital_styl,2023-05-26T23:53:26Z,2023-05-26T23:53:26Z,80,倒した時に毎回オイショ～って言うの可愛すぎる。,,,,
ak6HXB6--HM,UgxJzYa83TOLlYKoM8N4AaABAg,,UgxJzYa83TOLlYKoM8N4AaABAg,0,@yabbasaibantyou,2023-05-26T23:34:06Z,2023-05-26T23:34:06Z,0,スプラトゥーンはむずい👍,,,,
ak6HXB6--HM,Ugxyq3DbN2Dxu_adPXB4AaABAg,,Ugxyq3DbN2Dxu_adPXB4AaABAg,0,@akanohana8534,2023-05-26T19:25:18Z,2023-05-26T19:25:18Z,0,"フェス楽しみですね無人島にもっていくなら？しくりょう
しうょくりようかぐ？あと、わすれた",,,,
ak6HXB6--HM,Ugxyq3DbN2Dxu_adPXB4AaABAg.9qBSpE5aPHh9qFpUQc8_TG,Ugxyq3DbN2Dxu_adPXB4AaABAg,Ugxyq3DbN2Dxu_adPXB4AaABAg,1,@マイケル松木,2023-05-28T12:08:59Z,2023-05-28T12:08:59Z,1,時代遅れてね？,,,,
ak6HXB6--HM,Ugw3lXE4OcnGjs7pbXV4AaABAg,,Ugw3lXE4OcnGjs7pbXV4AaABAg,0,@ミリム-zax-squall555,2023-05-26T17:49:29Z,2023-05-26T17:49:29Z,2,ボケかがポケカでワロタ🤣,,,,
ak6HXB6--HM,UgxAJdjoYfmIhZ8gGdZ4AaABAg,,UgxAJdjoYfmIhZ8gGdZ4AaABAg,0,@ムギカグ,2023-05-26T14:13:57Z,2023-05-26T14:13:57Z,372,マジで土下座の写真送るのえらい,,,,
ak6HXB6--HM,UgxAJdjoYfmIhZ8gGdZ4AaABAg.9qAuBrsnLlPA6sayVKr_K1,UgxAJdjoYfmIhZ8gGdZ4AaABAg,UgxAJdjoYfmIhZ8gGdZ4AaABAg,1,@arashi_neko,2024-08-08T11:45:29Z,2024-08-08T11:45:29Z,4,なれす,,,,
ak6HXB6--HM,UgxAJdjoYfmIhZ8gGdZ4AaABAg.9qAuBrsnLlPA6saz43Thzz,UgxAJdjoYfmIhZ8gGdZ4AaABAg,UgxAJdjoYfmIhZ8gGdZ4AaABAg,1,@arashi_neko,2024-08-08T11:45:34Z,2024-08-08T11:45:34Z,4,なれす,,,,
ak6HXB6--HM,UgxAJdjoYfmIhZ8gGdZ4AaABAg.9qAuBrsnLlPA79KRltsWHA,UgxAJdjoYfmIhZ8gGdZ4AaABAg,UgxAJdjoYfmIhZ8gGdZ4AaABAg,1,@超最強な内藤くん,2024-08-15T08:58:40Z,2024-08-15T08:58:40Z,4,なれす,,,,
ak6HXB6--HM,UgxAJdjoYfmIhZ8gGdZ4AaABAg.9qAuBrsnLlPA79KSgmApjj,UgxAJdjoYfmIhZ8gGdZ4AaABAg,UgxAJdjoYfmIhZ8gGdZ4AaABAg,1,@超最強な内藤くん,2024-08-15T08:58:47Z,2024-08-15T08:58:47Z,3,なれす,,,,
ak6HXB6--HM,UgxAJdjoYfmIhZ8gGdZ4AaABAg.9qAuBrsnLlPA79KTEahBpO,UgxAJdjoYfmIhZ8gGdZ4AaABAg,UgxAJdjoYfmIhZ8gGdZ4AaABAg,1,@超最強な内藤くん,2024-08-15T08:58:52Z,2024-08-15T08:58:52Z,3,なれす,,,,
ak6HXB6--HM,UgxAJdjoYfmIhZ8gGdZ4AaABAg.9qAuBrsnLlPA79KTfcmgng,UgxAJdjoYfmIhZ8gGdZ4AaABAg,UgxAJdjoYfmIhZ8gGdZ4AaABAg,1,@超最強な内藤くん,2024-08-15T08:58:55Z,2024-08-15T08:58:55Z,4,なれす,,,,
ak6HXB6--HM,UgxAJdjoYfmIhZ8gGdZ4AaABAg.9qAuBrsnLlPA79KU6vPINO,UgxAJdjoYfmIhZ8gGdZ4AaABAg,UgxAJdjoYfmIhZ8gGdZ4AaABAg,1,@超最強な内藤くん,2024-08-15T08:58:59Z,2024-08-15T08:58:59Z,4,なれす,,,,
ak6HXB6--HM,UgxAJdjoYfmIhZ8gGdZ4AaABAg.9qAuBrsnLlPA79KUZdIVYz,UgxAJdjoYfmIhZ8gGdZ4AaABAg,UgxAJdjoYfmIhZ8gGdZ4AaABAg,1,@超最強な内藤くん,2024-08-15T08:59:03Z,2024-08-15T08:59:03Z,4,なれす,,,,
ak6HXB6--HM,UgxAJdjoYfmIhZ8gGdZ4AaABAg.9qAuBrsnLlPA7iYArKDlRO,UgxAJdjoYfmIhZ8gGdZ4AaABAg,UgxAJdjoYfmIhZ8gGdZ4AaABAg,1,@トドです,2024-08-29T10:31:21Z,2024-08-29T10:31:21Z,5,そやな,,,,
ak6HXB6--HM,UgwPSTBmDqmVEvE0Ok14AaABAg,,UgwPSTBmDqmVEvE0Ok14AaABAg,0,@メリケンサック-c3y,2023-05-26T13:32:48Z,2023-05-26T13:32:48Z,11,普通に相手下手すぎて学校行ってない時間がもったいにゃい...,,,,
ak6HXB6--HM,UgwPSTBmDqmVEvE0Ok14AaABAg.9qApUXWNhE29qDJyq1_fSX,UgwPSTBmDqmVEvE0Ok14AaABAg,UgwPSTBmDqmVEvE0Ok14AaABAg,1,@anon_chiri,2023-05-27T12:46:26Z,2023-05-27T12:46:26Z,1,下手っていうのはだめですよ！,,,,
ak6HXB6--HM,UgwPSTBmDqmVEvE0Ok14AaABAg.9qApUXWNhE29qEoD72HlEn,UgwPSTBmDqmVEvE0Ok14AaABAg,UgwPSTBmDqmVEvE0Ok14AaABAg,1,@メリケンサック-c3y,2023-05-28T02:38:38Z,2023-05-28T02:38:38Z,1,@anon_chiri あ、すいません...,,,,
ak6HXB6--HM,Ugyz5asxBzhmjScyZB14AaABAg,,Ugyz5asxBzhmjScyZB14AaABAg,0,@アキ-n7g,2023-05-26T12:13:41Z,2023-05-26T12:13:41Z,145,ちゃんと土下座の写真送ってるのおもろすぎるwww,,,,
ak6HXB6--HM,Ugyz5asxBzhmjScyZB14AaABAg.9qAgR0iN9VE9taGv-KR1KQ,Ugyz5asxBzhmjScyZB14AaABAg,Ugyz5asxBzhmjScyZB14AaABAg,1,@000ppp_20,2023-08-19T09:35:39Z,2023-08-19T09:35:39Z,9,これ拾い画像だよ,,,,
ak6HXB6--HM,Ugyz5asxBzhmjScyZB14AaABAg.9qAgR0iN9VEACowWaQTje7,Ugyz5asxBzhmjScyZB14AaABAg,Ugyz5asxBzhmjScyZB14AaABAg,1,@LeonMariosfan,2025-01-03T04:45:11Z,2025-01-03T04:45:11Z,1,@000ppp_20それな,,,,
ak6HXB6--HM,Ugyz5asxBzhmjScyZB14AaABAg.9qAgR0iN9VEAMfrRdJtTqT,Ugyz5asxBzhmjScyZB14AaABAg,Ugyz5asxBzhmjScyZB14AaABAg,1,@KentoHolland,2025-09-05T05:21:35Z,2025-09-05T05:21:35Z,0,それな,,,,
ak6HXB6--HM,UgwboPq5CYRIM7yyE8l4AaABAg,,UgwboPq5CYRIM7yyE8l4AaABAg,0,@3DS大好き人間,2023-05-26T12:06:02Z,2023-05-26T12:06:02Z,0,スプラ3にもキッズがいるとは😂,,,,
ak6HXB6--HM,UgwboPq5CYRIM7yyE8l4AaABAg.9qAfZ29CMnR9qHlzUcDnSD,UgwboPq5CYRIM7yyE8l4AaABAg,UgwboPq5CYRIM7yyE8l4AaABAg,1,@3DS大好き人間,2023-05-29T06:16:53Z,2023-05-29T06:16:53Z,0,ガーン,,,,
ak6HXB6--HM,UgwwEUrc80zNiTLHqqx4AaABAg,,UgwwEUrc80zNiTLHqqx4AaABAg,0,@takioko1,2023-05-26T11:48:51Z,2023-05-26T11:48:51Z,0,いいいねねねね！！！！🎉🎉🎉,,,,
ak6HXB6--HM,UgzniwARCHrwODq2cMt4AaABAg,,UgzniwARCHrwODq2cMt4AaABAg,0,@Cross旧ぱんちゃんリンゴ,2023-05-26T11:32:08Z,2023-05-26T11:32:08Z,0,自称はいくらでもいる件,,,,
ak6HXB6--HM,UgypWVurQ_b9RpULN1h4AaABAg,,UgypWVurQ_b9RpULN1h4AaABAg,0,@音花56243,2023-05-26T10:29:50Z,2023-05-26T10:29:50Z,0,今度こういうことがあったら、敵陣まで逃げてください！,,,,
ak6HXB6--HM,UgxujiWOYynLDECd43N4AaABAg,,UgxujiWOYynLDECd43N4AaABAg,0,@fukuoka_love22,2023-05-26T10:28:46Z,2023-05-26T10:28:46Z,1,なんでガキは毎回N-ZAP85をつかいよるんや？,,,,
ak6HXB6--HM,UgyAwjowRWDqKCTgz1V4AaABAg,,UgyAwjowRWDqKCTgz1V4AaABAg,0,@fukuoka_love22,2023-05-26T10:26:12Z,2023-05-26T10:26:12Z,0,このごろスプラトゥーンやけんありがたい,,,,
ak6HXB6--HM,Ugw3do-iwvPYyqi0f3B4AaABAg,,Ugw3do-iwvPYyqi0f3B4AaABAg,0,@racsudm-segare5983,2023-05-26T10:24:43Z,2023-05-26T10:24:43Z,0,キッズがぁ…イキってるからこんな不幸な目に遭うんだよ…💢初心者を舐めるなガキが…💢,,,,
ak6HXB6--HM,UgxfhauT2GsKNHrgN1h4AaABAg,,UgxfhauT2GsKNHrgN1h4AaABAg,0,@Niwakaaaaa448,2023-05-26T09:29:59Z,2023-05-26T09:29:59Z,3,この暴言厨さんは前回のあらしたったさんの動画見なかったんかね,,,,
ak6HXB6--HM,UgyT3oe3TYXyPLWL2yN4AaABAg,,UgyT3oe3TYXyPLWL2yN4AaABAg,0,@NIVEA_YouTube,2023-05-26T09:29:17Z,2023-05-26T09:29:17Z,4,なんか可愛いw,,,,
ak6HXB6--HM,Ugz6YYfksPKMnGZWo_h4AaABAg,,Ugz6YYfksPKMnGZWo_h4AaABAg,0,@whalewt8240,2023-05-26T08:43:16Z,2023-05-26T08:43:16Z,1,誰があの写真撮ってんwww,,,,
ak6HXB6--HM,UgwmklD7L2sttmdEYE14AaABAg,,UgwmklD7L2sttmdEYE14AaABAg,0,@tomato1105,2023-05-26T08:28:54Z,2023-05-26T08:29:13Z,0,今回一番弱いかも(キッズ）,,,,
ak6HXB6--HM,Ugx23KFKxCPmL7q0REV4AaABAg,,Ugx23KFKxCPmL7q0REV4AaABAg,0,@niwakatosi1959,2023-05-26T08:24:08Z,2023-05-26T08:24:08Z,1,久しぶりの動画投稿です‼️,,,,
ak6HXB6--HM,Ugyc6Z6zvcunYlnL22h4AaABAg,,Ugyc6Z6zvcunYlnL22h4AaABAg,0,@六甲乌冬面,2023-05-26T08:20:41Z,2023-05-26T08:32:37Z,6,🤤🤤　10:44草,,,,
ak6HXB6--HM,UgwpXMgcFFHcTWFwzo54AaABAg,,UgwpXMgcFFHcTWFwzo54AaABAg,0,@蛍イマジン,2023-05-26T08:13:13Z,2023-05-26T08:13:13Z,1,いいですね♪,,,,
ak6HXB6--HM,UgyMv1CzaUJrt4lXHWN4AaABAg,,UgyMv1CzaUJrt4lXHWN4AaABAg,0,@soukoそうこ,2023-05-26T08:06:01Z,2023-05-26T08:06:01Z,302,ガキは下手なのが多いのに謎に自信があるんだよなぁ…（偏見）,,,,
ak6HXB6--HM,UgyMv1CzaUJrt4lXHWN4AaABAg.9qAF52cqEMO9qBvsH29r4n,UgyMv1CzaUJrt4lXHWN4AaABAg,UgyMv1CzaUJrt4lXHWN4AaABAg,1,@meronpanteisyoku078,2023-05-26T23:47:50Z,2023-05-27T01:47:25Z,44,普通の子供は強いんだけどねぇ,,,,
ak6HXB6--HM,UgyMv1CzaUJrt4lXHWN4AaABAg.9qAF52cqEMO9qCFThbDtg0,UgyMv1CzaUJrt4lXHWN4AaABAg,UgyMv1CzaUJrt4lXHWN4AaABAg,1,@ruirui197,2023-05-27T02:47:51Z,2023-05-27T02:48:33Z,36,"それな、自分もガキやけど煽りまくったりしてる友達よりは1.5倍位は強いからねぇ



あっそうそう！自分が強いと言いたいわけちゃうで",,,,
ak6HXB6--HM,UgyMv1CzaUJrt4lXHWN4AaABAg.9qAF52cqEMO9qEij_zzO1c,UgyMv1CzaUJrt4lXHWN4AaABAg,UgyMv1CzaUJrt4lXHWN4AaABAg,1,@Nu-n-h5h,2023-05-28T01:50:47Z,2023-05-28T01:50:47Z,11,アホは自分の世界しか見えてないけど上手い人は上には上がいることを知ってるから威張らない,,,,
ak6HXB6--HM,UgyMv1CzaUJrt4lXHWN4AaABAg.9qAF52cqEMO9qEk0OzQ2oF,UgyMv1CzaUJrt4lXHWN4AaABAg,UgyMv1CzaUJrt4lXHWN4AaABAg,1,@meronpanteisyoku078,2023-05-28T02:01:57Z,2023-05-28T02:01:57Z,5,後子供って反射神経がいいから,,,,
ak6HXB6--HM,UgyMv1CzaUJrt4lXHWN4AaABAg.9qAF52cqEMO9qEoFYbcSk-,UgyMv1CzaUJrt4lXHWN4AaABAg,UgyMv1CzaUJrt4lXHWN4AaABAg,1,@aaaaaaa-z6e9g,2023-05-28T02:38:58Z,2023-05-28T02:38:58Z,4,僕は下手ですか？イキってますけど毎日,,,,
ak6HXB6--HM,UgyMv1CzaUJrt4lXHWN4AaABAg.9qAF52cqEMO9qF0O4l2GQj,UgyMv1CzaUJrt4lXHWN4AaABAg,UgyMv1CzaUJrt4lXHWN4AaABAg,1,@soukoそうこ,2023-05-28T04:33:44Z,2023-05-28T04:33:44Z,4,@aaaaaaa-z6e9g それはやってみないとわからない人もいますよ,,,,
ak6HXB6--HM,UgyMv1CzaUJrt4lXHWN4AaABAg.9qAF52cqEMO9qWskJBMR4D,UgyMv1CzaUJrt4lXHWN4AaABAg,UgyMv1CzaUJrt4lXHWN4AaABAg,1,@Ramuneco_723,2023-06-04T03:04:35Z,2023-06-04T03:04:35Z,2,いや強くね？,,,,
ak6HXB6--HM,UgyMv1CzaUJrt4lXHWN4AaABAg.9qAF52cqEMO9qamTJBCkKV,UgyMv1CzaUJrt4lXHWN4AaABAg,UgyMv1CzaUJrt4lXHWN4AaABAg,1,@たけゆう-y7z,2023-06-06T00:45:54Z,2023-06-06T00:45:54Z,1,"ゲーセンにもいるんだよな
自分、頭文字Ｄやったことないのに
上級者に『下手くそ』って言う奴",,,,
ak6HXB6--HM,UgyMv1CzaUJrt4lXHWN4AaABAg.9qAF52cqEMO9rAuKFwqDFv,UgyMv1CzaUJrt4lXHWN4AaABAg,UgyMv1CzaUJrt4lXHWN4AaABAg,1,@塩-k2e,2023-06-20T10:46:29Z,2023-06-20T10:46:29Z,0,"性格の良い子供は強いけど
性格の悪いクソガキは弱い",,,,
ak6HXB6--HM,UgyMv1CzaUJrt4lXHWN4AaABAg.9qAF52cqEMO9rVXhbHYxYH,UgyMv1CzaUJrt4lXHWN4AaABAg,UgyMv1CzaUJrt4lXHWN4AaABAg,1,@M-aluplay,2023-06-28T11:04:08Z,2024-06-18T01:55:51Z,1,@たけゆう-y7z イニシャルdのアーケードは８年くらいやってるから得意だぜ,,,,
ak6HXB6--HM,UgyMv1CzaUJrt4lXHWN4AaABAg.9qAF52cqEMO9s6-uRek1zi,UgyMv1CzaUJrt4lXHWN4AaABAg,UgyMv1CzaUJrt4lXHWN4AaABAg,1,@iihito-i6x,2023-07-13T09:39:10Z,2023-07-13T09:39:10Z,1,「俺イキってるから」って言うやつだいたいイキってない,,,,
ak6HXB6--HM,UgyMv1CzaUJrt4lXHWN4AaABAg.9qAF52cqEMO9sQIKQs1sqL,UgyMv1CzaUJrt4lXHWN4AaABAg,UgyMv1CzaUJrt4lXHWN4AaABAg,1,@yuto333-,2023-07-21T06:44:57Z,2023-07-21T06:44:57Z,1,ワイのトッモの方が強いなー,,,,
ak6HXB6--HM,UgyMv1CzaUJrt4lXHWN4AaABAg.9qAF52cqEMO9u8yoCNwD6M,UgyMv1CzaUJrt4lXHWN4AaABAg,UgyMv1CzaUJrt4lXHWN4AaABAg,1,@suta-geigi-pai3ninmaede,2023-09-02T06:21:22Z,2023-09-02T06:21:21Z,1,ガロン使ってイキってたりしてるガキよくいる,,,,
ak6HXB6--HM,UgyMv1CzaUJrt4lXHWN4AaABAg.9qAF52cqEMO9uT8ht28Ll7,UgyMv1CzaUJrt4lXHWN4AaABAg,UgyMv1CzaUJrt4lXHWN4AaABAg,1,@永万-j4e,2023-09-10T02:21:26Z,2024-06-18T01:55:51Z,0,@yuto333-私もだー,,,,
ak6HXB6--HM,UgyMv1CzaUJrt4lXHWN4AaABAg.9qAF52cqEMO9ufjulPjnn0,UgyMv1CzaUJrt4lXHWN4AaABAg,UgyMv1CzaUJrt4lXHWN4AaABAg,1,@kaiyuria,2023-09-15T09:05:22Z,2023-09-15T09:05:21Z,0,マジそれな（6年）,,,,
ak6HXB6--HM,UgyMv1CzaUJrt4lXHWN4AaABAg.9qAF52cqEMO9ufkHicwu3F,UgyMv1CzaUJrt4lXHWN4AaABAg,UgyMv1CzaUJrt4lXHWN4AaABAg,1,@yuto333-,2023-09-15T09:08:38Z,2024-06-18T01:55:51Z,1,@kaiyuria 13歳未満はコメントと動画投稿はだめだよちゃんと年齢制限守ってね,,,,
ak6HXB6--HM,UgyMv1CzaUJrt4lXHWN4AaABAg.9qAF52cqEMO9uieJfx11Vr,UgyMv1CzaUJrt4lXHWN4AaABAg,UgyMv1CzaUJrt4lXHWN4AaABAg,1,@shokod7948,2023-09-16T12:14:12Z,2024-06-18T01:55:51Z,0,user-mdj5tg4fjc9おるおる自分強いのわかってて言う奴っていうかネットやから嘘だね！！！,,,,
ak6HXB6--HM,UgyMv1CzaUJrt4lXHWN4AaABAg.9qAF52cqEMO9vZf2kG23MK,UgyMv1CzaUJrt4lXHWN4AaABAg,UgyMv1CzaUJrt4lXHWN4AaABAg,1,@kaiyuria,2023-10-07T11:39:37Z,2024-06-18T01:55:51Z,0,@yuto333- え年齢制限あったんだ知らんかった教えてくれてありがとうございます！,,,,
ak6HXB6--HM,UgyMv1CzaUJrt4lXHWN4AaABAg.9qAF52cqEMO9vZfj3sHOWO,UgyMv1CzaUJrt4lXHWN4AaABAg,UgyMv1CzaUJrt4lXHWN4AaABAg,1,@yuto333-,2023-10-07T11:45:32Z,2024-06-18T01:55:51Z,1,@kaiyuria コメントしない方がいいよ,,,,
ak6HXB6--HM,UgyMv1CzaUJrt4lXHWN4AaABAg.9qAF52cqEMO9zVosIxi632,UgyMv1CzaUJrt4lXHWN4AaABAg,UgyMv1CzaUJrt4lXHWN4AaABAg,1,@ソ連出身シャガルマガラ,2024-01-13T09:54:03Z,2024-01-13T09:54:03Z,0,自分スプラ上手いと思ってたけど下手すぎた…まあ33したことはあるけど…,,,,
ak6HXB6--HM,UgyMv1CzaUJrt4lXHWN4AaABAg.9qAF52cqEMO9zjzu9SHgMn,UgyMv1CzaUJrt4lXHWN4AaABAg,UgyMv1CzaUJrt4lXHWN4AaABAg,1,@ゆーくんだも-n6f,2024-01-19T07:19:02Z,2024-01-19T07:19:02Z,0,小学生でXp2700行ってます,,,,
ak6HXB6--HM,UgyMv1CzaUJrt4lXHWN4AaABAg.9qAF52cqEMOA-DpGMt3D5T,UgyMv1CzaUJrt4lXHWN4AaABAg,UgyMv1CzaUJrt4lXHWN4AaABAg,1,@空白-t3e,2024-01-31T06:42:32Z,2024-01-31T06:42:32Z,1,自慢大会始まってて草,,,,
ak6HXB6--HM,UgyMv1CzaUJrt4lXHWN4AaABAg.9qAF52cqEMOA-Ehh77WglN,UgyMv1CzaUJrt4lXHWN4AaABAg,UgyMv1CzaUJrt4lXHWN4AaABAg,1,@user-wz6go4ve6d,2024-01-31T14:55:40Z,2024-06-18T01:55:51Z,0,"​​​@空白-t3eそれな。




















隙自語してるやつ草",,,,
ak6HXB6--HM,UgyMv1CzaUJrt4lXHWN4AaABAg.9qAF52cqEMOA14NVuFmnd1,UgyMv1CzaUJrt4lXHWN4AaABAg,UgyMv1CzaUJrt4lXHWN4AaABAg,1,@ウーンッッッッッッ,2024-03-17T07:40:53Z,2024-03-17T07:40:53Z,0,イキリは弱いけど普通の子供は強いのよなー,,,,
ak6HXB6--HM,UgyMv1CzaUJrt4lXHWN4AaABAg.9qAF52cqEMOA1KO_zZWcjy,UgyMv1CzaUJrt4lXHWN4AaABAg,UgyMv1CzaUJrt4lXHWN4AaABAg,1,@mezuhinalukakids,2024-03-23T12:58:09Z,2024-03-23T12:58:09Z,0,ウデマエCです(ある意味最強),,,,
ak6HXB6--HM,UgyMv1CzaUJrt4lXHWN4AaABAg.9qAF52cqEMOA241n_HxuKk,UgyMv1CzaUJrt4lXHWN4AaABAg,UgyMv1CzaUJrt4lXHWN4AaABAg,1,@あほドンだー,2024-04-11T01:02:35Z,2024-04-11T01:02:35Z,0,ウデマエAです,,,,
ak6HXB6--HM,UgyMv1CzaUJrt4lXHWN4AaABAg.9qAF52cqEMOA24pIRxHycM,UgyMv1CzaUJrt4lXHWN4AaABAg,UgyMv1CzaUJrt4lXHWN4AaABAg,1,@KURODAI-o7f,2024-04-11T08:23:50Z,2024-04-11T08:23:50Z,0,ほんとバカだよね〜(キッズ),,,,
ak6HXB6--HM,UgyMv1CzaUJrt4lXHWN4AaABAg.9qAF52cqEMOA3KxGY7Yd6A,UgyMv1CzaUJrt4lXHWN4AaABAg,UgyMv1CzaUJrt4lXHWN4AaABAg,1,@リョーん-l4f,2024-05-12T11:12:44Z,2024-05-12T11:12:44Z,0,小5でs+1って強いですか？,,,,
ak6HXB6--HM,UgyMv1CzaUJrt4lXHWN4AaABAg.9qAF52cqEMOA3L-3Cviv4o,UgyMv1CzaUJrt4lXHWN4AaABAg,UgyMv1CzaUJrt4lXHWN4AaABAg,1,@あほドンだー,2024-05-12T11:37:07Z,2024-05-12T11:37:07Z,0,@リョーん-l4f つよ,,,,
ak6HXB6--HM,UgyMv1CzaUJrt4lXHWN4AaABAg.9qAF52cqEMOA4s8b6DV4js,UgyMv1CzaUJrt4lXHWN4AaABAg,UgyMv1CzaUJrt4lXHWN4AaABAg,1,@鹿糠涼子,2024-06-19T14:26:06Z,2024-06-19T14:26:06Z,0,シュータ君は？,,,,
ak6HXB6--HM,UgyMv1CzaUJrt4lXHWN4AaABAg.9qAF52cqEMOA58cbacHgNe,UgyMv1CzaUJrt4lXHWN4AaABAg,UgyMv1CzaUJrt4lXHWN4AaABAg,1,@いちごミルク-u6q,2024-06-26T09:24:08Z,2024-06-26T09:24:08Z,0,​@リョーん-l4f自慢みたいになるかもだけど小5でXP24でした。,,,,
ak6HXB6--HM,UgyMv1CzaUJrt4lXHWN4AaABAg.9qAF52cqEMOA6kgadjtqgG,UgyMv1CzaUJrt4lXHWN4AaABAg,UgyMv1CzaUJrt4lXHWN4AaABAg,1,@デンタルラント,2024-08-05T10:00:44Z,2024-08-05T10:00:44Z,0,ガキでS＋やで,,,,
ak6HXB6--HM,UgyMv1CzaUJrt4lXHWN4AaABAg.9qAF52cqEMOA6rttu1qql_,UgyMv1CzaUJrt4lXHWN4AaABAg,UgyMv1CzaUJrt4lXHWN4AaABAg,1,@kotetsu.o5614,2024-08-08T05:11:38Z,2024-08-08T05:11:38Z,0,ガキでも頑張れば大人より凄くなれる,,,,
ak6HXB6--HM,UgyMv1CzaUJrt4lXHWN4AaABAg.9qAF52cqEMOA73dNj5qojX,UgyMv1CzaUJrt4lXHWN4AaABAg,UgyMv1CzaUJrt4lXHWN4AaABAg,1,@あ-n7t-k5s,2024-08-13T03:57:26Z,2024-08-13T03:58:12Z,0,俺まだS +1でXp1800(中3),,,,
ak6HXB6--HM,UgyMv1CzaUJrt4lXHWN4AaABAg.9qAF52cqEMOA74glu3SeKJ,UgyMv1CzaUJrt4lXHWN4AaABAg,UgyMv1CzaUJrt4lXHWN4AaABAg,1,@fizikaruobaasan,2024-08-13T13:46:19Z,2024-08-13T13:46:19Z,0,"これ見てて思ったけど学校サボってやってる割にはエイム、キャラコン、ギア、立ち回りなどが下手すぎる
C帯なのかなって思った",,,,
ak6HXB6--HM,UgyMv1CzaUJrt4lXHWN4AaABAg.9qAF52cqEMOA8MWy_yMnqw,UgyMv1CzaUJrt4lXHWN4AaABAg,UgyMv1CzaUJrt4lXHWN4AaABAg,1,@木下葵-q2i,2024-09-14T08:29:40Z,2024-09-14T08:29:40Z,0,@yuto333-まっいっか！(3年),,,,
ak6HXB6--HM,UgyMv1CzaUJrt4lXHWN4AaABAg.9qAF52cqEMOA8MXa1V5WMl,UgyMv1CzaUJrt4lXHWN4AaABAg,UgyMv1CzaUJrt4lXHWN4AaABAg,1,@木下葵-q2i,2024-09-14T08:35:03Z,2024-09-14T08:35:03Z,0,自分はS+3でランク131でXP2032で32キル1460時間,,,,
ak6HXB6--HM,UgyMv1CzaUJrt4lXHWN4AaABAg.9qAF52cqEMOA8MXey8f7ni,UgyMv1CzaUJrt4lXHWN4AaABAg,UgyMv1CzaUJrt4lXHWN4AaABAg,1,@木下葵-q2i,2024-09-14T08:35:43Z,2024-09-14T08:35:43Z,0,なお、年齢は聞かないでください,,,,
ak6HXB6--HM,UgyMv1CzaUJrt4lXHWN4AaABAg.9qAF52cqEMOA8Yuqt3kTbN,UgyMv1CzaUJrt4lXHWN4AaABAg,UgyMv1CzaUJrt4lXHWN4AaABAg,1,@yuto333-,2024-09-19T03:57:57Z,2024-09-19T03:57:57Z,0,@木下葵-q2i アホすぎだろ3年って書いてあるなら年齢わかるわw,,,,
ak6HXB6--HM,UgyMv1CzaUJrt4lXHWN4AaABAg.9qAF52cqEMOAASDvVF3oqN,UgyMv1CzaUJrt4lXHWN4AaABAg,UgyMv1CzaUJrt4lXHWN4AaABAg,1,@ichiromaruyama3365,2024-11-05T06:41:27Z,2024-11-05T06:41:27Z,0,俺のこと？,,,,
ak6HXB6--HM,UgyMv1CzaUJrt4lXHWN4AaABAg.9qAF52cqEMOAHMNGGnfnd4,UgyMv1CzaUJrt4lXHWN4AaABAg,UgyMv1CzaUJrt4lXHWN4AaABAg,1,@駿-r5m1l,2025-04-25T23:47:22Z,2025-04-25T23:47:22Z,0,俺ガキなのに下手なんてひどーい😢,,,,
ak6HXB6--HM,UgyMv1CzaUJrt4lXHWN4AaABAg.9qAF52cqEMOAItZ0ZkDJyH,UgyMv1CzaUJrt4lXHWN4AaABAg,UgyMv1CzaUJrt4lXHWN4AaABAg,1,@ホープ-v3j,2025-06-03T02:55:39Z,2025-06-03T02:55:39Z,0,"大人もやけど、“キッズ“って言われるクソガキ（精神年齢ガキの大人も含む）たちって、
頭が悪ければ悪いほど、自己評価高い・マウントしたがる猿に近い性質あるって、脳科学関連の記事で書かれており、
あいつらはそれを地で行くタイプですしね😂


同じ小学当時から見てすら、たかだか数ヶ月か半年
（だいぶ昔なので正確な時点は忘れた）の特訓で、ああいうやつら、余裕で勝てるほどの雑魚でしたわ😂",,,,
ak6HXB6--HM,UgyMv1CzaUJrt4lXHWN4AaABAg.9qAF52cqEMOAItZWuJqAd_,UgyMv1CzaUJrt4lXHWN4AaABAg,UgyMv1CzaUJrt4lXHWN4AaABAg,1,@ホープ-v3j,2025-06-03T03:00:04Z,2025-06-03T03:00:04Z,0,"​@Ramuneco_723

初心者や単純に下手な人に比べればある程度までは強いけど、
平均以上・トップ争い（何かしらの大会出場して上位入賞や、何かしらのランクインしてる・その種目において1人で好成績取ってるなど）してると、

普通に動きは単調だしバリエーションないし、臨機応変出来る度合いが少ないし、ゆえに戦っててもつまらなくて恐ろしく雑魚に感じていくのよね…

勉強でもゲームでもスポーツでもそうだけど…",,,,
ak6HXB6--HM,UgyMv1CzaUJrt4lXHWN4AaABAg.9qAF52cqEMOANybpQN3R0_,UgyMv1CzaUJrt4lXHWN4AaABAg,UgyMv1CzaUJrt4lXHWN4AaABAg,1,@masahironishiki3738,2025-10-07T08:42:07Z,2025-10-07T08:42:46Z,0,@meronpanteisyoku078今僕小学生です！一応S＋10です！,,,,
ak6HXB6--HM,Ugw8pWK9KJBvn-e6VPp4AaABAg,,Ugw8pWK9KJBvn-e6VPp4AaABAg,0,@nukkoJP,2023-05-26T08:04:33Z,2023-05-26T08:04:33Z,0,り,,,,
ak6HXB6--HM,UgysM6Agw48TFpYqhmJ4AaABAg,,UgysM6Agw48TFpYqhmJ4AaABAg,0,@rohi1,2023-05-26T08:04:24Z,2023-05-26T08:04:24Z,0,ら,,,,
ak6HXB6--HM,UgzDbd-xcUPN1iUQvj94AaABAg,,UgzDbd-xcUPN1iUQvj94AaABAg,0,@おにく428,2023-05-26T08:02:24Z,2023-05-26T08:02:24Z,3,久しぶりの投稿あざっす！,,,,
ak6HXB6--HM,UgwfrXVMmnXJzktfQwN4AaABAg,,UgwfrXVMmnXJzktfQwN4AaABAg,0,@user-zx3lp5kz8e,2023-05-26T08:01:16Z,2023-05-26T08:01:16Z,4,舐めTENGA草,,,,
ak6HXB6--HM,UgxfuIt2HLv8hbi8eOJ4AaABAg,,UgxfuIt2HLv8hbi8eOJ4AaABAg,0,@パンダの王様よぉ,2023-05-26T08:00:51Z,2023-05-26T08:00:51Z,1,久しぶり,,,,
ak6HXB6--HM,UgzfyvOZdY8XSZJKgUB4AaABAg,,UgzfyvOZdY8XSZJKgUB4AaABAg,0,@XxUTAxX,2023-05-26T08:00:51Z,2023-05-26T08:00:51Z,0,スプラ？！,,,,
ak6HXB6--HM,UgzXets1fI7FfyeqZxZ4AaABAg,,UgzXets1fI7FfyeqZxZ4AaABAg,0,@Ria_からぴち推し,2023-05-26T08:00:42Z,2023-05-26T08:00:42Z,0,1！！うますぎで草w,,,,
ak6HXB6--HM,Ugw6VgAYMtsyE1sglLh4AaABAg,,Ugw6VgAYMtsyE1sglLh4AaABAg,0,@シモネインザーギ,2023-05-26T08:00:41Z,2023-05-26T08:00:41Z,34,いろんなGamesうまくて尊敬,,,,
ak6HXB6--HM,Ugw6VgAYMtsyE1sglLh4AaABAg.9qAETybSo6C9qD4bWkOpno,Ugw6VgAYMtsyE1sglLh4AaABAg,Ugw6VgAYMtsyE1sglLh4AaABAg,1,@mumumu_kanata,2023-05-27T10:32:11Z,2023-05-27T10:32:11Z,7,sつけて複数形にしてるの偉い,,,,
ak6HXB6--HM,Ugw6VgAYMtsyE1sglLh4AaABAg.9qAETybSo6C9qDB33QXS3G,Ugw6VgAYMtsyE1sglLh4AaABAg,Ugw6VgAYMtsyE1sglLh4AaABAg,1,@悉悉ネギネギ,2023-05-27T11:28:30Z,2023-05-27T11:28:30Z,5,複数形にするのかっこよすぎる,,,,
ak6HXB6--HM,Ugw6VgAYMtsyE1sglLh4AaABAg.9qAETybSo6C9qDCciygnKC,Ugw6VgAYMtsyE1sglLh4AaABAg,Ugw6VgAYMtsyE1sglLh4AaABAg,1,@fourteen-two-percent,2023-05-27T11:42:15Z,2023-05-27T11:42:15Z,0,麻痺してんのか？,,,,
ak6HXB6--HM,Ugw6VgAYMtsyE1sglLh4AaABAg.9qAETybSo6C9qULyMH69BS,Ugw6VgAYMtsyE1sglLh4AaABAg,Ugw6VgAYMtsyE1sglLh4AaABAg,1,@fourteen-two-percent,2023-06-03T03:30:56Z,2023-06-03T03:30:56Z,0,@Oh_raaaaa いやいやs付けるくらいでカッコいいとか偉いとかどこの小学生なん？,,,,
ak6HXB6--HM,Ugw6VgAYMtsyE1sglLh4AaABAg.9qAETybSo6C9rVXygSZoM6,Ugw6VgAYMtsyE1sglLh4AaABAg,Ugw6VgAYMtsyE1sglLh4AaABAg,1,@M-aluplay,2023-06-28T11:06:28Z,2024-06-17T21:25:42Z,0,"@fourteen-two-percent マジそれな
複数形をつけるだけで何が偉いんだよww",,,,
ak6HXB6--HM,Ugw6VgAYMtsyE1sglLh4AaABAg.9qAETybSo6C9rpaw6VxB9q,Ugw6VgAYMtsyE1sglLh4AaABAg,Ugw6VgAYMtsyE1sglLh4AaABAg,1,@nyodayo,2023-07-06T15:25:07Z,2024-06-17T21:25:42Z,0,​@悉悉ネギネギいやまじそれ,,,,
ak6HXB6--HM,Ugw6VgAYMtsyE1sglLh4AaABAg.9qAETybSo6C9rwtlYrmIjT,Ugw6VgAYMtsyE1sglLh4AaABAg,Ugw6VgAYMtsyE1sglLh4AaABAg,1,@NCSNCSNCSNCSNCSNCSNCSNCSNCSNCS,2023-07-09T11:24:23Z,2023-07-09T11:24:23Z,1,"この場合は先に「いろんな」って言ってるから最後にsつけて複数形にするのは不自然すぎるよ
これだけでかっこいいとか言ってる人も自然だと思ってるんだろうなぁ
正しい知識身につけよう",,,,
ak6HXB6--HM,Ugw6VgAYMtsyE1sglLh4AaABAg.9qAETybSo6C9rwtov4-eOb,Ugw6VgAYMtsyE1sglLh4AaABAg,Ugw6VgAYMtsyE1sglLh4AaABAg,1,@NCSNCSNCSNCSNCSNCSNCSNCSNCSNCS,2023-07-09T11:24:51Z,2023-07-09T11:24:51Z,0,後どこがゲームうまいん？w,,,,
ak6HXB6--HM,Ugw6VgAYMtsyE1sglLh4AaABAg.9qAETybSo6C9rwvQaXbcVP,Ugw6VgAYMtsyE1sglLh4AaABAg,Ugw6VgAYMtsyE1sglLh4AaABAg,1,@Oh_raaaaa,2023-07-09T11:38:52Z,2024-06-17T21:25:42Z,0,@NCSNCSNCSNCSNCSNCSNCSNCSNCSNCS そりゃそうやな(手のひらクルクル)いろんなって複数形的なとこあるやん,,,,
ak6HXB6--HM,Ugw6VgAYMtsyE1sglLh4AaABAg.9qAETybSo6C9rwvo2mQJV7,Ugw6VgAYMtsyE1sglLh4AaABAg,Ugw6VgAYMtsyE1sglLh4AaABAg,1,@Oh_raaaaa,2023-07-09T11:42:12Z,2024-06-17T21:25:42Z,0,@fourteen-two-percent すまんかった。俺の判断ミスだった,,,,
ak6HXB6--HM,Ugw6VgAYMtsyE1sglLh4AaABAg.9qAETybSo6C9rz8FVKHwnp,Ugw6VgAYMtsyE1sglLh4AaABAg,Ugw6VgAYMtsyE1sglLh4AaABAg,1,@31u.17,2023-07-10T08:18:10Z,2024-06-17T21:25:42Z,3,@NCSNCSNCSNCSNCSNCSNCSNCSNCSNCSマウント取ろうとすんなw,,,,
ak6HXB6--HM,UgxX7Id38hzJfvr4F7h4AaABAg,,UgxX7Id38hzJfvr4F7h4AaABAg,0,@aase0000,2023-05-26T08:00:38Z,2023-05-26T08:00:38Z,0,あ,,,,